DATE,ADVANC,AOT,BANPU,BBL,BCP,BDMS,BEAUTY,BEM,BH,BJC,BPP,BTS,CBG,CENTEL,CPALL,CPF,CPN,DTAC,EA,EGCO,GLOBAL,GPSC,HMPRO,INTUCH,IRPC,IVL,KBANK,KCE,KKP,KTB,LH,MINT,MTLS,PSH,PTT,PTTEP,PTTGC,ROBINS,SAWAD,SCB,SCC,SPRC,TCAP,TISCO,TMB,TOP,TPIPP,TRUE,TU,WHA
2017-01-04,149.5,398,19.9,163,34,23.3,12,7.5,185,49.5,25.25,8.7,76.25,39,65,29.5,56.75,40.75,29.75,199,17.9,37,10.1,50.75,4.9,36.25,182,124,58.5,18,9.7,36.5,24.6,22.4,380,98.5,64,65,41,156,494,12.7,44.75,65,2.16,73,6.7,7.35,21.1,2.98
2017-01-05,153.5,396,19.6,164,34,23,12.2,7.5,185,49,24.9,8.65,76.75,39,64.75,29.75,56.75,41.5,30.75,198.5,17.9,36.25,10.1,51.75,4.88,36,183.5,122,59,18.6,9.85,36.25,25.75,22.6,387,98,64.25,63,41.75,156.5,500,12.6,45.25,63,2.22,71.75,6.7,7.35,21,3.02
2017-01-06,152.5,394,20.1,164.5,33.75,22.7,12.2,7.55,185,49.5,25,8.6,77.25,38.5,63.75,30.25,57,42,30.75,201,17.9,36.25,9.95,51.5,5.05,36.5,183,121,58.5,18.4,9.85,36,25.75,22.7,389,98.5,64,61.5,41.25,156.5,498,12.7,45.5,63,2.26,70.25,6.7,7.2,20.7,3.02
2017-01-09,151,394,19.7,164,34,22.7,12.2,7.5,183,48.5,24.6,8.7,76,38.25,62,29.5,56.5,41,30,199.5,18,36.25,10,51,5.25,37,186,121,57,18.4,9.75,36,24.8,23.1,383,97.75,63.25,60.5,40,156.5,500,12.5,45,62.25,2.28,69.25,6.7,7.2,21,3.08
2017-01-10,153,393,20.3,168,34,22.5,12.3,7.65,184.5,47.5,24.9,8.7,79,37.5,62,30.25,56.5,40.75,30.25,200,18,36.5,10.2,51.75,5.1,37,189,124.5,57,18.8,10.1,36,25,24.3,388,96,63.5,59.75,39.25,157.5,498,12.6,44.5,63,2.28,69,6.7,7.1,21.2,3.04
2017-01-11,155,391,19.8,167,33.75,22.7,12.5,7.6,184.5,48.25,24.6,8.65,79.25,37.25,61.5,29.75,55.75,42.5,29.75,200,18.1,36.75,10.1,52,5.2,36.25,190.5,125,57,18.7,10.2,35.5,24.9,24.3,385,96.5,63.25,59,39.75,157,502,12.6,45.75,62.75,2.28,68.75,6.7,7.1,20.9,3.06
2017-01-12,154,392,19.7,166,33.75,22.8,12.3,7.55,183.5,48.25,24.6,8.65,80,36.75,61.25,30,56,42.25,29.25,202,18.2,36.75,10.3,51.75,5.3,35.75,188.5,122,57.5,18.8,10,35.75,24.9,24,383,96.75,62.75,59,40.5,155.5,496,12.9,46.25,62.75,2.26,69.5,6.7,7.1,20.7,3.16
2017-01-13,155,393,19.6,169,33.5,22.5,12.1,7.65,184.5,49.25,24.6,8.65,79.75,37.5,62,30,56.25,42.5,30,201,18.1,36.5,10.6,52,5.25,36.75,187.5,123,57.25,18.6,10.1,36,24.8,23.9,386,96,63.5,60.75,40.25,157.5,492,13,46,63.75,2.26,70.25,6.7,7.1,20.6,3.24
2017-01-16,155.5,394,19.6,168.5,33.25,22.5,12.2,7.5,184,49,24.5,8.6,79.25,37.5,61.5,29.5,55.25,41.5,30,201,17.7,36.5,10.4,52,5.2,36.75,185.5,121.5,57,18.5,9.85,35,25.75,23.5,389,96.75,65.25,59.5,39.5,155,488,12.9,46,63,2.24,70.25,6.7,7.1,20.8,3.24
2017-01-17,156.5,394,19.5,167,33.75,22.5,12,7.5,183,48.5,24.4,8.6,79.25,37.25,61,29.5,55,41.5,28.75,202,18,36.25,10.4,52.25,5.35,36.25,185,120.5,56,18.4,9.85,35,25,23.6,387,96,64,58.5,39,155,492,13.1,45.25,61.5,2.24,70,6.7,6.85,21.3,3.2
2017-01-18,155,392,19.4,166,33.75,22.3,11.9,7.45,181,49,24.3,8.55,77.25,37.25,60.25,29.25,55,44,29,200,17.9,36,10.4,52,5.2,35,185,118,55,18.6,9.6,34.75,24.9,23.9,385,94.5,65.25,58.75,38.5,156,492,12.7,44.75,62,2.3,70,6.7,6.8,21.2,3.2
2017-01-19,155,394,19.3,166,34.25,22.5,11.9,7.35,180,48.25,24.4,8.45,75.5,37,59.25,28.5,55.5,43.5,28.5,201,17.8,35.75,10.1,51.75,5.15,34.75,182,116.5,53.5,18.4,9.5,34.25,25,24,385,94.25,65.5,59,39.75,155,496,12.6,45.25,60.5,2.26,70,6.7,6.9,20.9,3.12
2017-01-20,155.5,394,19.3,168.5,35.25,22.3,11.8,7.4,179.5,48.75,24.6,8.45,77,37.25,59.5,28.5,55.25,45.5,28.5,199,17.7,36,10.1,52,5.2,35,184,118,56,18.8,9.55,34,26,24.2,386,97.5,66,59,40.5,150.5,496,12.7,46,62.25,2.28,71.25,6.7,6.85,21,3.14
2017-01-23,155,393,19.5,168,35.25,22.5,11.7,7.35,180.5,50.5,25,8.5,77,38.25,59.25,28.5,55.5,45.25,29.5,199,18.1,36.25,10.3,52.25,5.2,35.25,186,122,57.5,18.9,9.8,34,26.5,24.6,389,96,67.5,60,40.25,150.5,496,12.8,47.75,63,2.24,72,6.7,6.8,20.8,3.18
2017-01-24,155,398,19.7,171,35,22.4,11.4,7.3,181.5,51.5,25,8.4,76.75,38,59.25,29,56,46.5,29.25,201,17.8,36.25,10.4,52.5,5.4,36.25,187,122.5,57.75,18.9,9.75,34.5,26,24.5,408,95,68.25,59.5,40.75,150.5,496,12.7,47,62,2.28,71.5,6.7,6.7,20.7,3.2
2017-01-25,161.5,398,20,175.5,35.5,22.4,11.2,7.2,182,50.75,25,8.5,76.5,37.75,58.75,29.5,56.25,43.5,28.75,204,18.2,36.25,10.4,54,5.35,35.75,191,118.5,57.5,19.1,9.95,35,27.75,24.4,410,94.5,68.5,59,41.25,152,508,12.6,47.5,62,2.34,72.25,6.7,6.6,20.7,3.18
2017-01-26,162.5,408,19.6,176,35.75,22.5,11,7.05,183,52,24.6,8.5,76.5,37.75,61,28.75,58,42,28.5,205,18,36,10.2,53.75,5.3,35,190,115,57.25,19.1,10,35.25,27.25,23.8,420,98.5,68.25,59,41.25,153.5,514,12.3,47.75,61.25,2.34,72.25,6.7,6.65,20.8,3.16
2017-01-27,163,406,19.6,174,35.25,22.5,11.1,7.2,181,51.5,24.8,8.5,75.5,38,60.75,28.75,58,42.5,28.25,205,17.9,36.5,10.4,54.5,5.3,35.5,187.5,110.5,57.75,19.2,9.8,35.25,29,23.7,418,97.75,68,59,41.25,152.5,516,12.3,47.5,61.5,2.32,72.5,6.7,6.65,20.9,3.14
2017-01-30,162,408,19.2,174.5,35.25,22.2,11.4,7.1,180.5,51,24.6,8.5,74.75,37.25,60.75,29,57,41.5,29,204,18.4,36,10.1,54.25,5.25,35.25,189,109,56.75,19.2,9.8,34.75,29,23.6,418,102,68.5,57.75,41.5,152.5,510,12.3,48,61.5,2.32,72.5,6.7,6.65,20.9,3.14
2017-01-31,159,414,19.4,174.5,35.25,22.2,11.1,7.05,179,50,24.8,8.35,75.25,37.25,60.5,28.5,56.5,39.25,28.5,202,18.5,35.75,9.95,53.5,5.2,35,188.5,109,57,19,9.7,34.75,28.25,23.3,404,98,67.75,58,41.25,151,506,12.4,47.5,61,2.34,71.75,6.7,6.55,20.8,3.2
2017-02-01,160.5,412,19.3,175.5,34.5,22.1,10.5,7,179,49,24.8,8.35,75,37.25,60,28.25,55.75,42,25.75,199.5,18,35.5,9.95,54,5.2,34.75,191,103,57.25,19.2,9.85,34.5,29,23.3,404,98.75,66.5,58.75,43.25,152,512,12.2,47.75,61.75,2.38,71.75,6.7,6.5,20.5,3.18
2017-02-02,160.5,416,19.2,175.5,34.25,22,10.1,7,181,48.5,24.6,8.35,74.25,37.5,59.5,28,56,42.75,26.5,199.5,17.8,35.5,10,53.75,5.15,34.25,189.5,101.5,57.5,19,9.75,34.75,28.75,23.4,404,97.5,66.5,59.75,42.5,151,514,12.3,47.75,65,2.38,71,6.7,6.4,20.4,3.16
2017-02-03,160.5,416,19.2,178.5,34.5,21.7,10.4,7.15,180,49.25,24.5,8.35,77,37.25,60,28.5,56,43.25,26.5,200,17.8,36.5,9.95,53.25,5.3,36.25,191,107.5,58.25,19.1,9.9,34.25,29,23.6,410,97.75,68.25,58.75,43.5,153,520,12.4,48,63.5,2.42,72,6.7,6.4,20.6,3.2
2017-02-06,161.5,414,19.2,180.5,35.25,21.2,10.5,7,180.5,50,24.6,8.3,76.5,36.75,61.25,28.5,55.75,43.5,23.2,199.5,18,36.25,10,53.5,5.3,36.75,195.5,106.5,58.5,19,9.95,34.5,29.5,23.4,416,98.5,69.75,60.25,45,154.5,522,12.8,48.5,62.75,2.44,72.25,6.7,6.25,20.5,3.18
2017-02-07,163.5,412,19.1,180,35.25,21.3,10.5,7.05,179,50,24.4,8.3,75.75,36.5,60.75,28.5,55.5,41.25,24.1,199,18,36,9.9,53.75,5.3,35.75,195.5,104.5,59,19,9.85,34.75,29.75,23.4,410,96.25,69,59.75,44.5,154,522,12.5,49,62.5,2.44,71.75,6.7,6.2,20.4,3.18
2017-02-08,170.5,420,19.1,179,34.5,21.1,10.6,7.1,183,50.75,24.5,8.35,75.25,36.5,60.5,28.75,55.75,42.25,24.5,199.5,18,36.5,9.8,55.25,5.25,36,195.5,101,59.25,19,9.8,36,30,23.3,408,95.5,70.25,59.75,45.75,154,518,12.5,48.75,64,2.44,72.75,6.7,6.4,20.3,3.18
2017-02-09,170,40.25,18.7,181,34.5,21.3,11,7.1,183.5,49.5,24.9,8.35,75,36.75,60.25,28.5,55.75,41.25,24.6,202,17.9,36.75,10,55.5,5.3,35.75,198.5,98,61,19.5,9.95,36,29.25,23.5,394,94.5,68.25,60,45.25,154,518,12.6,49,67.5,2.48,73.25,6.7,6.3,20.2,3.18
2017-02-10,169,40.5,18.9,182.5,35,21.4,10.8,7.2,186,50.25,24.5,8.45,75.25,37,60.25,28.75,55.5,41.5,24.3,203,17.9,36.5,9.85,55.5,5.3,36.75,198,101,61,19.4,9.8,35.25,28.75,23.3,396,93.5,67.5,60.25,44.25,154,526,12.8,49,67,2.46,73.25,6.7,6.2,20.3,3.22
2017-02-14,169.5,39.5,19.2,179,35,21.3,10.4,7.05,184,50.25,24.6,8.35,75.5,36.75,59.5,28.5,55,41.75,24.2,202,17.8,36.5,9.8,55.25,5.3,36.5,194.5,100,62,19.4,9.8,35.25,29,23.1,386,91.5,67.5,59,44,154,520,12.7,48.5,67.75,2.42,72.25,6.7,6.2,20,3.18
2017-02-15,169,39,19.6,179,35,21,10.3,7.1,184.5,50,24.6,8.25,74.75,36.75,60,28.75,54.5,42.5,26,201,17.4,36.5,9.7,55,5.1,36.5,193,102.5,61.5,19.4,9.65,35.25,28.25,23,397,93,70,58.25,42.75,153.5,518,12.9,49,67,2.44,74.75,6.7,6.15,19.8,3.18
2017-02-16,169.5,39.75,19.8,180,35,20.9,10.2,7.15,184.5,48.25,26,8.25,74.75,37.25,59.75,28.5,54.25,44.5,26.25,200,17.5,36,9.5,55,5.15,37,195,103,63,19.5,9.9,34.75,28.75,23,394,92.5,69.25,59,43.25,154,522,12.9,49,66.5,2.46,76.5,6.7,6.2,19.9,3.18
2017-02-17,171.5,40,19.5,180,35,20.8,10.3,7.15,183.5,47,26.25,8.25,74.25,37,60,28.25,54.5,44.25,25.5,199.5,17.6,36.5,9.75,55.25,5.15,37,197.5,102.5,62.5,19.5,9.85,34.75,28.75,22.3,396,91.75,69.75,60.5,44,154,522,13,48.5,65.75,2.46,77.25,6.7,6.2,19.7,3.16
2017-02-20,170,40.25,19.6,180,33.75,21,10.6,7.2,181.5,46.25,25.75,8.35,73,36.5,59.75,28.25,54.5,43.75,25.25,201,17.7,36.25,9.75,55.25,5.25,36.75,197,102,62.75,19.5,9.85,34.75,29.25,22.4,397,93.75,69.75,60,43.75,154,518,13.4,48.5,67.25,2.5,78.25,6.7,6.2,19.8,3.14
2017-02-21,168,39.25,19.4,177,33.5,20.8,10.3,7.1,181,45.5,25.25,8.35,70.5,36.25,60,28.25,54,43.5,24.7,201,18.3,35.5,9.6,54.5,5.25,35.5,193,100.5,62.75,19.4,9.75,33.75,29,22.5,397,93.5,69,60.25,43,152.5,516,13.1,48.5,66.5,2.5,77.25,6.7,6.15,19.6,3.06
2017-02-22,169.5,39.75,19.4,177,33.75,20.8,10.7,7.15,183,47,25.5,8.3,69.5,36.25,60.75,28.5,54,42.75,25.25,203,18,34.5,9.5,54.5,5.2,35.75,193,100.5,63.75,19.9,9.6,34,30.25,22.4,402,94.5,71.5,61.5,42.5,152.5,516,12.9,48.25,67,2.5,77.75,6.7,6.25,19.7,3.06
2017-02-23,169,38.75,19.4,176.5,34.5,20.8,10.5,7.1,181.5,48,26,8.3,67.25,36,60,28.25,55.75,43,24.8,204,18.1,34.5,9.65,54.75,5.25,35.25,190.5,99.5,66.5,19.6,9.6,33.5,29.5,22.1,398,92.5,73.75,62.25,43.75,151,520,13,47.75,67.5,2.38,77.5,6.7,6.25,19.7,3.12
2017-02-24,170.5,38.75,19.5,176.5,34.5,20.5,10.4,7.1,181,47.5,25,8.3,64.5,35.75,59.75,27,55.25,42.5,24.6,208,18.1,34.25,9.75,54.75,5.2,36,189.5,101,66,19.8,9.55,34,30,22.4,399,92.25,73.25,61.5,43.75,153,520,13.3,47.75,67,2.42,77.75,6.7,6.25,19.8,3.12
2017-02-27,169,38.75,19.6,177,34.25,20.4,10.3,7.05,177,47.75,25,8.25,64.5,35.25,60,27.5,54.5,43,24.8,205,18,34.5,9.75,54,5,35.5,187.5,101,66.25,19.4,9.6,34.25,29.75,22,400,92.25,71.75,61.25,43.5,152,516,13,47.75,69,2.42,74.5,6.7,6.15,19.9,3.12
2017-02-28,167,38.75,19.6,177.5,34.5,20.1,10.3,7.05,176,46,24.6,8.2,64.25,36,60,28,55,43.5,25,207,18.5,34.25,9.85,53,4.96,35.5,191.5,98.25,65.75,19.6,9.8,34.25,31.5,21.8,397,93,71.25,61.5,44.25,154,516,12.9,48.5,68.5,2.44,75.25,6.7,6.25,20.3,3.1
2017-03-01,170,39,19.8,181,33.5,20.1,10.4,7.05,177.5,45.75,25,8.25,59.5,36,60.25,28.25,56,43.25,25.25,207,18,34.5,9.75,54.25,4.98,36,195,96.25,65.75,19.8,9.8,34.5,31.25,22,399,93.25,72.75,61.5,45.5,155,520,13,49.25,68.25,2.46,76.5,6.7,6.45,20.5,3.12
2017-03-02,169.5,38.75,20.1,183,33,20.1,10.8,7.1,175.5,46,25.25,8.3,60,35.5,60,28,55.5,42.5,25.25,204,18.5,34.25,9.85,54,5.05,36.25,196,96.5,67,19.8,9.85,34.5,32,22,399,93.25,72.75,61.25,46,155.5,522,12.9,49.5,67.75,2.5,76.25,6.7,6.35,20.5,3.08
2017-03-03,169.5,38.25,20.1,182.5,32.75,20,10.7,7.05,174.5,45.75,25.25,8.35,59.5,35,59.75,28,55.75,41.5,25.25,203,18.5,34.25,9.9,54,5,36,195,98.75,65.75,19.8,9.85,34.75,31.5,21.9,396,92.5,72.75,61,45.75,155,524,12.8,48.75,67,2.44,76.25,6.7,6.6,20.5,3.06
2017-03-06,169.5,38.5,19.7,180,33,20.1,10.6,7.05,177,45.5,24.9,8.35,59,35,59.5,28.25,55.5,40.5,24.8,202,18.4,33,9.75,53.75,4.92,35.25,192,95.75,66,19.6,9.75,34.75,30.25,21.9,388,91,72.25,60.25,43.75,154,522,13.1,48,66,2.42,74.75,6.7,6.45,20.4,3.04
2017-03-07,169.5,38.25,19.5,182,32.75,20.2,10.5,7.1,176.5,46.25,24.9,8.3,57.25,35.25,58.5,28,56,40,24.9,203,18.2,32,9.7,53.75,4.94,35.25,192,96.75,66.25,19.6,9.7,34.5,30,21.6,389,91,72.25,60.25,42.75,153,526,13,48.25,65.5,2.44,73.75,6.7,6.45,20.5,3.04
2017-03-08,169.5,39,19.5,182.5,32.75,20.3,10.5,7,178,46.25,24.8,8.25,57,35.25,59,28.25,56.5,39.75,24.9,203,17.8,31.75,9.6,53.75,4.94,34.75,192,95.5,65.75,19.7,9.7,34.5,30,21.8,394,91.5,73,59,41,154.5,536,13,48.25,65.5,2.42,75.5,6.7,6.5,20.8,3.04
2017-03-09,169,39,19.5,182,32.5,20.5,10.4,7.05,178,46.25,24.4,8.3,60.25,34.5,58.75,28.25,56.25,40.5,24.7,204,17.6,31.5,9.6,53,4.94,34.25,190,101.5,66.5,19.9,9.9,34.25,30,21.6,390,89.5,72,59.5,41.5,156,536,13.1,47.5,65.75,2.44,74,6.7,6.4,20.7,3.02
2017-03-10,169.5,38.5,19,182,32.75,20.4,10.4,7,178,46,24.4,8.25,56,34.25,58.5,28.25,56,39.75,24.5,205,17.2,31.5,9.65,53.25,4.94,33.75,190,104,66.25,20,9.8,34.25,29.25,21.8,390,88.75,72.5,60,41.25,154.5,524,13,46.75,65.5,2.4,75.75,6.7,6.25,20.7,3
2017-03-13,170.5,39,18.8,182,32,20.1,10.4,7.05,180,46.25,24.7,8.25,52.75,34.25,59.25,28,56.5,39,24.4,204,16.5,31.5,9.45,53.5,4.94,34,189,104,66.75,19.9,9.8,34.25,27.75,21.9,394,89.75,72.25,61,41.5,155,534,13,46.5,66.5,2.32,75.5,6.7,6.25,21.4,2.94
2017-03-14,170,38.5,19.2,182.5,32.5,19.9,10.3,7.1,177,46.5,24.7,8.25,57,34.25,59,27.5,56.5,40.5,25,203,16.5,31.25,9.6,53.75,4.94,34.75,190,105.5,67,20.1,9.75,34.25,29.75,22,397,89.5,74,61,42.5,155,528,13.2,47,66,2.36,76.75,6.7,6.25,21.4,3
2017-03-15,171,38.25,19.1,182,32.5,19.9,10.8,7.05,180,45.75,24.8,8.2,56.25,34.75,59,27.25,56.5,40.5,24.7,202,16.8,32.5,9.55,54,4.9,34.75,189.5,106,68.25,20.1,9.7,34.25,30.5,22.2,395,88.75,73,62,42.25,154,526,13,47.5,65.75,2.42,75.75,6.7,6.2,21.4,3
2017-03-16,175,39.25,19.5,184,33.25,19.8,11.1,7.1,180,46,24.8,8.25,56.25,34.75,58.75,27.5,57,41.5,25.75,203,16.6,33.25,9.4,55,5.25,35.25,192.5,105,71,20.4,9.7,34.75,32,22.5,397,91.25,72.25,62.75,43.25,157,532,12.9,49,66.75,2.44,76.5,6.7,6.45,21.3,3.04
2017-03-17,176,38.75,19.4,185,33,20.4,11,7.45,180.5,47.5,24.8,8.25,56.5,35.25,59,27.75,56.75,41.5,26.5,214,16.3,33.25,9.45,55.25,5.2,35.25,193,107.5,71.5,20.4,9.65,34.75,31,22.6,396,90,71.25,63,42.5,158,538,12.8,49.25,69.5,2.4,76.25,6.7,6.4,21,3.04
2017-03-20,177,39,19.4,185.5,33.25,20.6,11,7.35,180,48,24.8,8.3,56.5,35,59.25,27.75,56,41.75,26.25,204,16.7,33.25,9.5,55.25,5.15,34.75,192,105.5,70,20.4,9.7,35.25,31.5,22.7,402,90,70.75,62.75,42.5,158,536,12.9,48.75,68,2.44,75.75,6.7,6.4,21.2,3
2017-03-21,177,39.25,19.4,185,33.75,20.6,11,7.25,182,47.5,25,8.25,56,35,59.25,27.75,56.5,42.5,26.5,206,16.7,33,9.65,55.25,5.2,34.75,193,106.5,70.5,20.5,9.75,35,30.5,22.7,406,91.25,72.25,64,43.5,159.5,534,13,48.75,68.25,2.42,76.75,6.7,6.5,21,3.02
2017-03-22,176.5,39.5,19.2,182.5,33.5,20.7,11,7.25,178,47.25,24.9,8.35,56.5,35.25,59,29.25,57,42.75,26.5,208,16.5,33.25,9.6,54.75,5.15,34.75,190.5,106.5,69.75,20.4,9.65,35.5,30.5,22.6,406,91.25,71.75,64,43,158,532,12.9,48,69.25,2.38,76.5,6.7,6.4,21.3,3
2017-03-23,176.5,40,19.2,183,33,20.8,10.9,7.35,177.5,47.25,24.9,8.3,56.5,34.75,59.25,29.25,57,42.75,26.25,206,16.7,34,9.75,55,5.15,34.75,191,105,69,20.5,9.65,36,30,22.7,402,91.25,71.25,64.25,43.25,159.5,532,13,48,68.5,2.4,75.5,6.7,6.4,21.4,3.06
2017-03-24,178.5,39.75,19.4,183,32.75,20.9,10.7,7.5,177.5,47.25,24.9,8.35,57.75,34.75,59.25,29.75,56,43,26.25,205,16.5,34,9.55,55.5,5.2,34.75,191,104.5,70.25,20.7,9.7,36,30.5,22.6,408,92.25,71.75,63.75,43.5,160.5,540,13,48,69,2.4,75.5,6.7,6.35,21.1,3.14
2017-03-27,178,39.75,19.4,181.5,32.75,21,10.8,7.45,177,47,25,8.4,57.5,34.5,59,29.25,56.25,43.5,26.25,206,16.6,34,9.55,55.5,5.15,34.5,191,104.5,69.5,20.6,9.7,36.25,30.25,22.4,404,92,71,63.25,43.5,161.5,536,13,48.25,69,2.38,75.25,6.7,6.35,21.2,3.16
2017-03-28,180.5,40.25,19.7,181,33,21.2,10.6,7.6,179,46.5,25.25,8.4,57.5,34.5,59,29.25,57.25,44.25,26,205,16.7,34.25,9.7,55.75,5.15,34.75,192,106.5,69.5,20.3,9.7,36.5,31.5,22.4,404,92.5,71,64.25,44,162,538,13.1,47.75,69.5,2.36,75.5,6.7,6.5,21.2,3.16
2017-03-29,179,40,20,181,33,21.1,10.6,7.55,180.5,47.5,25,8.35,58.5,35.5,59,29,57,44.25,26.75,206,16.8,34.5,9.7,55.75,5.15,35.25,192.5,106,69.25,20.2,9.6,36.5,31.5,22.5,395,92.25,72,64.5,44.25,162.5,538,13.1,48,69.5,2.38,76,6.7,6.55,21.2,3.16
2017-03-30,179.5,40,19.8,181.5,33.5,21.3,10.7,7.6,181.5,47,25,8.45,62.75,35.75,59.25,28.25,57,43.5,27.25,208,16.7,34.25,9.6,56,5.05,35.25,191,106.5,70,20.3,9.7,36.75,31.25,22.7,395,93,73.5,64.5,43.75,163,542,13.1,48.5,72.5,2.42,76.25,6.7,6.75,21.3,3.16
2017-03-31,178,39.25,19.8,181.5,33,21.2,10.5,7.6,183,46.5,25,8.45,61.25,35.5,59,27.75,56.75,44,27.75,214,16.6,33.75,9.65,55.75,5.15,35.25,189,104.5,69.5,20.4,9.75,36.75,31,22.7,387,93,73.25,64,43.25,163,540,13.1,48.25,71.75,2.44,75.5,6.7,6.8,21.4,3.14
2017-04-03,176,39.25,20,181,33.25,20.8,10.5,7.55,180,46.25,25,8.5,62,35.5,60.5,28.25,56.75,43.25,27.5,209,16.4,34,9.65,55.25,5.15,35.5,190.5,105,70.25,20.5,9.8,36.75,31.25,22.5,392,95,73.25,64,44,163,542,13.7,48.75,73.25,2.4,76.25,6.7,6.85,21.2,3.16
2017-04-04,174,39.75,20.8,182,33.5,21.1,10.6,7.6,183,46.25,25,8.55,61.25,35.75,61.25,28.25,57,42.25,27.25,210,17,34.25,9.75,55,5.2,35.5,192.5,104.5,70,20.6,9.85,37,31,22.6,392,97,72,64.25,43.5,161.5,532,13.9,48.25,72.25,2.44,75.75,6.7,6.7,21.1,3.16
2017-04-05,171,39.5,20.5,181.5,33,21.1,10.6,7.5,180.5,46.75,24.9,8.55,61.5,35.75,60.75,28,57.75,42,27.25,209,17,34.5,9.75,55,5.2,35.25,193.5,106,70.25,20.7,9.8,37.5,31.25,22.7,390,96.75,73.25,64.5,43.25,163,538,13.6,48.5,71.25,2.44,75,6.7,6.8,21,3.14
2017-04-07,174.5,39.75,20.6,183,33,20.9,10.4,7.45,179.5,47.25,24.6,8.5,64.25,35.25,61.5,28,57.5,42.75,26.25,210,16.9,34.5,9.65,54,5.25,35.25,193.5,105.5,70.5,21,9.7,37.5,31,22.7,392,97,72.75,63.25,43.25,164,550,13.8,48.25,71.5,2.4,74.5,6.7,6.6,20.9,3.14
2017-04-10,173.5,39.25,20.5,182.5,32.75,20.8,10.5,7.35,181,46.5,24.9,8.45,67,35.5,61.75,28,57.5,42.5,26.25,208,16.8,33.75,9.6,54,5.2,35.25,193.5,104.5,70.25,20.8,9.8,37.25,31.25,22.5,395,98.5,72.25,62,43.25,163,550,13.7,48,71.5,2.44,75.25,6.35,6.6,20.9,3.12
2017-04-11,174,39.25,21.1,187.5,33,20.3,10.4,7.4,180,46,25,8.5,68,35.25,61,27.75,57.5,42.25,26.25,209,16.8,33.75,9.55,54,5.25,35,195.5,104.5,69.25,20.8,9.8,37,31,22.5,394,98.5,73,62,43,164.5,544,13.7,48.5,71,2.42,77.75,6.45,6.6,21.2,3.1
2017-04-12,176,39.75,21.1,186.5,33,20.5,10.4,7.45,181,45.75,25,8.5,65.75,35.25,61.75,27.75,58.25,43.25,27.25,214,16.6,34,9.55,54.5,5.2,35.75,195,101.5,69.5,21,9.85,37,31.25,22.3,397,99.25,73.5,62.5,42.75,165,546,13.7,49,71.25,2.48,78,6.55,6.65,21.2,3.1
2017-04-17,175,39.75,20.7,186.5,33,20.3,10.1,7.35,178,45.5,24.8,8.45,66.25,35.25,60.5,27.5,57.5,42.75,26.75,216,16.7,34,9.4,53.75,5.2,35.5,193.5,99.5,69.5,20.9,9.85,36.5,30.75,22.3,393,96.5,73.5,62.25,42.75,163.5,540,13.1,47.75,71.5,2.44,76.75,6.45,6.55,21.1,3.08
2017-04-18,173.5,40,20.5,188,32.75,20.2,10.3,7.4,175.5,45.5,24.9,8.5,65.5,35.5,60.5,27.25,57.5,42.5,26.75,213,16.7,34,9.45,53.75,5.2,36,192.5,99.5,69.5,20.8,9.95,37,30.5,22.3,392,96.75,73,62,43,163.5,538,13.1,47.25,73.5,2.32,76.25,6.5,6.55,21,3.12
2017-04-19,172,40.25,20.5,183.5,32.75,20.3,10,7.35,176,44.25,24.9,8.55,65.5,35.25,60.75,27,57.75,42.25,26.5,218,16.4,34,9.45,53.75,5.25,35.5,186,102.5,69,19.7,10,37.5,29.75,22.5,393,96.75,73.25,63,43,160,542,12.7,46.5,73.5,2.18,76.25,6.5,6.45,21.1,3.1
2017-04-20,173.5,41.25,20.6,180,32.5,20,10,7.3,176,42.75,24.8,8.55,65.25,35,60.5,27,57.75,42.75,26.5,218,16.6,34,9.5,53.5,5.25,35.5,188.5,103.5,68.5,19.5,10.1,37.25,29.5,22.7,392,95.5,73.25,63.75,44,160,540,12.2,46.75,73.75,2.28,75.5,6.75,6.55,21,3.12
2017-04-21,174,41.25,20.7,178.5,33,19.9,10.1,7.3,173.5,43,24.8,8.55,65.5,35.25,61.5,27.25,58,42.25,27.25,225,16.4,34,9.6,53.5,5.35,36.25,189,100.5,71.5,19.8,9.95,36.75,30,22.8,390,95.75,74,63.25,44,160,542,12.3,47.25,76.75,2.24,76,6.7,6.5,21,3.14
2017-04-24,174.5,41,20.6,180,32.75,20.3,9.9,7.15,176.5,43.25,24.8,8.5,64.75,35,61.75,26.25,58,42.25,26.75,221,16.4,34,9.5,53.25,5.3,36.5,185.5,102.5,70.25,19.7,10.1,36.75,29.25,22.7,389,96.25,74.25,62.75,44.25,155.5,544,12.5,46.75,76,2.26,76.5,6.55,6.4,21.1,3.14
2017-04-25,175.5,41.25,19.5,180,32.75,20.2,9.3,7.2,176,43,24.4,8.55,65.75,35,61.75,26.5,57.75,42,27,222,16,34.25,9.55,52.5,5.45,36.25,185,103,71,19.7,10,37,29.5,22.4,390,97.25,75.5,63,44,156,542,12.6,46.25,76.25,2.24,76.75,6.5,6.4,21.1,3.14
2017-04-26,175.5,41.5,19.3,180,32.75,20.3,9.75,7.15,177,42.75,24.8,8.55,65.5,34.75,62,26.5,60.5,41,26.5,222,16,35.5,9.65,52,5.6,37,185,103.5,70.5,19.7,10,37.5,29.75,22.4,388,97,75,63,44.25,157,548,12.8,46.75,72.5,2.26,77.5,6.6,6.4,21,3.14
2017-04-27,175,40.75,19.5,179.5,32.5,20.4,10.1,7.15,177.5,43.5,24.8,8.55,65.5,34.5,61,26.25,60.5,41.25,26.75,221,16.3,35,9.65,53,5.7,37.25,183.5,105,71,19.6,10.2,37.5,29.5,22.4,388,97.75,75.75,62.75,45.5,156,544,12.8,46.5,73.75,2.24,77,6.65,6.45,21.1,3.16
2017-04-28,175,40.25,19.2,179.5,32,20.3,9.85,7.2,175.5,43.5,24.7,8.5,65.75,34.75,61,26.75,60,41.5,27,220,16.3,34.5,9.7,53.5,5.6,36.75,185,106.5,68.25,19.8,10.3,37.25,30,22.5,389,97.25,75,62.5,44.25,156,536,13.2,47.25,76.25,2.28,78,6.6,6.55,21.3,3.14
2017-05-02,175.5,40.5,19.4,180,32,20.2,9.95,7.35,175,43.25,24.6,8.4,66,35,62,26.5,60,41.5,26.5,215,16.3,34.25,9.75,54.25,5.6,36.75,187,109,66.75,19.6,10.2,37.5,29,22.5,389,96,74.25,63,44.5,155,528,13,47,74,2.3,77,6.6,6.6,21.2,3.14
2017-05-03,177,40.75,19.4,180.5,32,20.2,9.85,7.25,176.5,43.25,24.4,8.35,65.75,35,61,26.5,59.5,41.5,26.5,210,16,33.75,9.7,54.5,5.55,36.5,189,113,66.75,19.8,10,37.25,28.75,22.6,389,97,74.75,62.75,43.5,155.5,530,12.9,46.75,73.5,2.26,77.25,6.6,6.55,21.9,3.12
2017-05-04,177.5,41,19.4,182,31.75,20.5,9.9,7.35,178,44,24.5,8.35,65.25,35,61.25,26.25,59.5,42,27.5,216,16.1,35,9.95,54.25,5.65,36.25,193,112.5,67.75,19.8,10.1,37.25,28.75,22.9,390,96,74.75,63,43.5,157,530,12.9,47.25,74.75,2.28,78.25,6.7,6.55,21.8,3.14
2017-05-05,177,41.25,19.1,181.5,32.5,20.5,9.8,7.3,181.5,44,24.7,8.4,65.25,35.25,61.5,26.25,60,41.75,27.25,216,16,35.5,9.8,54.5,5.6,36.25,192,112.5,67.5,19.8,9.85,37.25,29,22.6,390,94.5,74.75,62.5,44.25,157.5,520,13.2,47.75,75,2.28,78,6.85,6.65,22,3
2017-05-08,179,41.5,19.2,181.5,32.75,20.5,10.1,7.45,181.5,43.5,24.5,8.3,65.5,34.25,62,25.75,60.25,41.5,27.25,212,16.1,35.5,9.9,54.25,5.6,36,192.5,112.5,68.5,18.9,9.85,37,29.5,22.6,389,94.5,72.75,63.25,46,157.5,524,13.4,47.75,73.75,2.26,77.5,6.85,6.6,22.6,3
2017-05-09,179.5,41.5,18.5,180.5,33,20.5,9.8,7.35,183,43,24.4,8.35,62.25,34.5,63.5,24.8,60,41.25,27.25,214,15.6,35,9.75,54.5,5.45,36.25,193,111,68,19,10.2,37.25,29.5,22.4,387,94.25,73.5,62.5,45,156.5,520,13.2,47.25,72,2.24,76.5,6.75,6.55,21,3
2017-05-11,180.5,41.75,17.9,181.5,32.5,20.4,9.9,7.25,183,43.75,23.7,8.35,60,34.5,64.5,25,60.75,41.5,27.25,210,14.5,35,9.8,54.75,5.4,36.25,189.5,111,68,18.7,9.9,37.25,29.75,22.1,386,95,72,61.5,46.5,156,512,13.3,47.25,75.5,2.22,76.5,6.6,6.35,20.7,2.98
2017-05-12,179.5,41.5,17.9,179,32.5,20.7,10,7.15,184,44.5,23.7,8.3,60.75,34.25,64.5,24.7,61.75,41.5,29,208,14,35.5,9.7,54.25,5.25,36.25,189.5,108,67.75,18.6,10,36.25,29,22.1,381,93.5,71.75,60.25,47.75,154.5,514,13.1,46.75,75,2.2,75,6.65,6.3,20.1,2.94
2017-05-15,179.5,41.25,17.6,179.5,32,20.6,10,7.15,185,43.25,23.7,8.3,62.5,34.5,64.25,24.5,62.25,41,28.5,208,14.2,35,9.55,54.25,5.05,35.5,185,104.5,67.5,18.7,9.7,36,30.5,21.7,386,94.75,72.75,58.25,47.25,152,510,13.2,46.75,74.25,2.18,75.5,6.6,6.25,20.2,3
2017-05-16,180.5,41.25,18.1,178,32.25,19.3,10.4,7.2,183,43.75,23.8,8.4,62,34.5,64.75,25,62.5,41.5,28.75,212,14.4,34.5,9.5,55,5.15,36,182.5,103,66.75,18.7,9.85,36.25,30.75,22,393,96.75,73.75,58,50.25,150.5,522,13.4,46.25,76,2.16,74.25,6.7,6.25,20.7,2.98
2017-05-17,180,42,17.8,179.5,32.5,18.8,10.9,7.2,180,42.5,23.7,8.3,63.25,34.75,65,24.5,64.75,40.5,28.75,210,14.3,34,9.5,55.25,5.05,36.5,185,103,68,18.6,9.95,35,32.5,22,389,95.5,73.5,59,50.75,152,520,13.6,47.5,80,2.16,74.5,6.65,6.2,20.7,3
2017-05-18,179.5,42,17.6,180,32.5,18.6,10.8,7.25,179,42.75,23.7,8.35,64.75,34.75,63.5,24.6,65.75,40.75,28.75,211,13.9,34,9.4,55,5.05,36,185,102,68.25,18.5,9.55,34.75,32,22,392,94.25,72.5,57.25,51,151,522,13.5,47.75,79.5,2.16,75.25,6.75,6.2,20.6,2.98
2017-05-19,179.5,41.75,17.7,180,32.5,18.2,10.9,7.25,179,42.25,23.7,8.3,63.75,35,63.5,24.8,65.5,41,28.5,208,13.9,34,9.55,55,5.1,36,187,103,68.25,18.7,9.5,36.5,32.75,22,393,94,72.75,57.75,51.75,152,520,13.5,47.75,78.25,2.2,75.25,6.65,6.2,20.6,3.02
2017-05-22,178.5,42,17.7,180.5,32.75,18.3,10.8,7.15,180.5,44.5,23.8,8.4,65.5,35.25,62.75,25,66.25,42,29.5,209,14,34.25,9.55,55,5.1,35.75,190.5,102.5,68.75,19.3,9.7,36.75,32.25,22.1,393,94.5,72.75,58,50,154.5,522,13.9,47,78.5,2.22,75.25,6.6,6.25,21.1,3.06
2017-05-23,177.5,42,18.4,182,32.75,18.4,10.8,7.15,179.5,45.5,24.3,8.4,67.5,36,63.5,25,66,42,29.5,212,14.1,34.5,9.65,54.75,5.1,36.25,191.5,102.5,68.75,19.3,9.6,37.5,33,22.1,393,94.25,72.75,59,51.75,156,524,13.9,47.75,78.25,2.2,76.25,6.6,6.25,21.2,3.08
2017-05-24,178,42,18.3,181.5,33.25,18.2,10.9,7.15,177.5,45.5,24,8.35,69.75,36.5,63.5,25,67,43,29,209,14.1,34.75,9.7,54.75,5.2,36.25,190.5,106.5,68.5,19.2,9.6,37.5,32.75,21.6,395,94.5,73.75,59,50.5,155.5,522,13.5,47.5,77,2.22,75.75,6.6,6.2,21.4,3.14
2017-05-25,177.5,42.25,18.4,182,33.25,18.6,10.8,7.3,178,45.75,24.2,8.35,68.75,36.25,63.5,24.9,66.75,43.75,29.75,211,14.7,34.75,9.7,54.75,5.1,36.5,190,108,68.25,19.1,9.65,37.25,33.25,21.5,394,94,73,59,53.25,154.5,522,13.5,47.25,76.25,2.22,75,6.65,6.3,21.8,3.14
2017-05-26,178,42.25,18,180,33.75,18.6,10.8,7.3,177,45.75,24.2,8.3,69.25,36.5,63,24.9,66.75,43.75,29.5,214,14.5,35,9.75,55,5.15,38,190,106,68.5,19.1,9.65,37.5,32.75,21.7,393,92.5,73,59,51.5,154.5,526,13.6,47.25,76.25,2.2,76.25,6.65,6.25,21.4,3.12
2017-05-29,178,42.75,17.9,180.5,34,18.6,10.6,7.25,176,45.25,24.2,8.25,68.5,36.25,63,24.9,66.75,45.5,29.5,212,14.7,35,9.75,54.75,5.2,38,190.5,107,68,19.2,9.7,37.75,31.75,21.8,394,91.75,71.5,59,51,154,522,13.7,47.25,76.5,2.18,75.5,6.65,6.3,21.5,3.14
2017-05-30,177,43,17.9,180,33.5,18.6,10.7,7.25,176.5,45.5,24.2,8.4,68.5,36.5,62.75,24.8,66.5,47.5,29.75,211,14.6,35,9.75,54.75,5.1,37.5,190.5,108.5,68,19.1,9.7,37.75,32,21.9,392,91.5,71.5,59.25,49.5,155,524,13.7,47.25,76.25,2.18,76.75,6.65,6.35,21.3,3.14
2017-05-31,173,42.5,17.8,180,34,18.6,10.8,7.25,173.5,45.75,24.2,8.55,68.75,36.25,62.5,24.9,66,46.75,29.75,214,15.1,34.75,9.9,53.75,5.1,36.75,187.5,108,68.25,19.1,9.55,37.5,32.25,21.9,393,90,71,59.5,50.25,153,526,13.6,47,76.25,2.16,77,6.7,6.2,21,3.14
2017-06-01,173.5,44,17.3,181,34.25,18.5,10.7,7.2,174,46.5,24.3,8.5,70.5,36,62.25,24.9,67,46.25,30,212,15.1,34.5,9.85,53.5,5.15,37,190,106.5,68,19.2,9.7,37,31.75,21.7,390,90,70.75,59,49.5,155.5,520,14,46.75,76,2.16,75.75,6.65,6.1,21.4,3.18
2017-06-02,174.5,44.5,17.3,180.5,34.5,18.6,10.9,7.2,174,46.5,25.25,8.5,74,35.75,62.5,24.6,66.75,46.75,30,211,14.7,34.5,9.7,54,5.1,37.25,189,106,69.75,19.2,9.8,36.75,32,21.7,391,90,70.5,59,50,156,524,14.2,46.75,76.25,2.16,77.75,6.65,6.1,21.2,3.16
2017-06-05,171,45,17.4,181.5,34,18.8,11.3,7.25,173.5,46.75,25.25,8.5,74.5,36,62,25,68.5,46.75,29.75,214,15,34.5,9.65,54,5.1,37,190.5,104.5,70,19.4,10,36.5,33.5,22,383,86.75,70,59.25,50,156.5,526,14.2,47,76,2.14,77.5,6.65,6,21.4,3.18
2017-06-06,172.5,45,17.5,180,34,19.1,11.2,7.2,174.5,47,25.5,8.5,73.75,36.25,62.25,25.25,68.5,46,29.5,210,15,34.25,9.75,54.75,5.15,37.75,189.5,107,69.5,19.3,9.95,37.5,33.75,22,385,86.25,71,58.5,52.25,155.5,522,14.5,46.75,78,2.14,77.75,6.7,5.95,21.3,3.18
2017-06-07,172.5,44,17.5,181,34,19.4,11.2,7.25,176,46.5,25.75,8.55,74.75,36,61.75,25.25,71.25,46.5,29.75,208,15,34.25,9.75,54.75,5.05,37,188,106.5,69,19.1,9.95,37,33.75,22,385,87.5,71.5,58.25,52,154.5,516,14.2,46.25,77.25,2.16,77.75,6.7,5.9,21,3.18
2017-06-08,173,44.75,17.5,180,34,19.2,11.1,7.2,176,46.5,26,8.5,73.25,36.5,62,25,71.5,48.75,29.75,208,14.9,34,9.7,55.75,5.05,38,188,108.5,69.5,19.1,9.9,37.25,34.25,22.7,382,87.5,70,58,53,156,520,14.5,46.25,77.25,2.18,77.75,6.75,6.15,21.3,3.18
2017-06-09,173.5,44.5,17.5,179,33.5,19.2,11.2,7.2,176,46,26.5,8.5,73.5,37.25,62,25.25,69.5,50.75,30.5,210,15,34.5,9.65,55.5,5.05,38.25,189,107,69,18.8,9.9,37,34.5,22.8,383,87,67.75,58.5,53,153.5,520,14.3,45,75.25,2.16,77.5,6.95,6.05,21.1,3.18
2017-06-12,172.5,44,17.6,180,33.5,18.9,10.9,7.1,175,46,26.5,8.45,72.25,37.75,61.75,25,68.75,50.75,30.5,210,14.9,34.25,9.5,55,5.05,38,190,106,69,18.8,9.95,37,34.5,22.7,381,87.25,67.5,58,53,154.5,520,14.5,45.25,74.25,2.16,78,7.1,6.05,21.1,3.18
2017-06-13,173,44.25,17.9,180,33.75,18.8,11,7.2,174.5,46,27,8.4,72.5,37.5,62,25,68.5,52.5,31.5,213,15.1,34.75,9.65,55.5,5.1,38,191.5,106,69,18.9,9.9,37.75,34.25,22.7,385,89.5,69.5,58,53.75,154.5,518,14.7,44.75,75.25,2.16,79.75,7,6.25,21,3.16
2017-06-14,174.5,44.25,18.1,180,34,19.2,11,7.15,173,45.75,27.25,8.45,72.75,37.25,62,25,69.25,52,32.25,213,15,34.75,9.55,55.5,5.05,39,192,110,70.5,18.9,9.9,37.75,35.75,22.7,384,89,70,57,55.5,155,520,14.5,46.5,77,2.16,79.5,7.1,6.2,21.2,3.16
2017-06-15,173.5,44.5,17.8,179,34,19.2,11.3,7.15,171.5,46.75,27.25,8.4,74,37.75,61.75,25,68.75,51.75,32.5,214,15,34.5,9.6,55.5,5.05,39,189.5,108,70.25,18.5,10,39.25,35.25,23,380,87.75,69.75,58.75,55.25,154.5,516,14.4,46.75,76.75,2.18,79.25,7,6.15,21.3,3.18
2017-06-16,173.5,45.25,18,180,34.25,19,11.3,7.25,170.5,46.5,26.5,8.4,72.25,37.5,61.75,25.25,68.75,51.25,33.75,214,14.8,34.5,9.6,55.75,5.05,38.5,192,111.5,71,18.7,9.95,39.5,35,23,379,87.75,69.75,58,54,155.5,518,14.4,46.75,77,2.14,79,6.95,6.15,21.3,3.16
2017-06-19,175.5,46.5,17.8,180.5,33.75,18.8,11.2,7.25,171.5,46.75,26.75,8.45,70,38,61.75,25.5,69,52,34.25,215,14.8,35.25,9.6,56,5.1,38.75,192,110.5,70.75,18.6,10,39.75,34.75,23,380,88.5,69.75,58.5,53.25,156,512,14.5,46.75,77.25,2.18,78.5,7,6.25,21.5,3.14
2017-06-20,175.5,46,17.8,181,33.75,18.7,11.3,7.15,170,46,27,8.45,69,38.25,61.75,25.25,67.25,52,33.75,215,14.7,35.75,9.65,56,5.15,39,192,110.5,70.75,18.8,10,39.25,34.5,23,384,89,69.25,57.75,52.75,154.5,510,14.5,47,77.25,2.18,78.5,6.95,6.2,21.5,3.14
2017-06-21,177.5,46,17.4,180,34,19,11.1,7.15,171,45.5,26.25,8.55,70,38.25,62.5,25.75,67.5,51.5,33.75,215,14.7,35.5,9.65,57.5,5.05,38.75,193.5,112,72.25,18.7,10,39.5,35.5,23.1,377,86.75,68.25,58,53.25,154,508,14.4,46.5,77.25,2.22,78.25,6.95,6.15,21.4,3.16
2017-06-22,179,46.5,17.5,181,33.75,19,11.3,7.15,171.5,45.5,27,8.5,69,38,62.25,25.5,66.5,51.75,34.5,214,14.6,35,9.55,58.5,5.05,39,192.5,111,72.25,18.6,10,40.75,35.5,23,378,86.5,68.5,57.25,52.75,154,512,14.5,47,77.5,2.3,78.5,7.15,6.15,21.6,3.14
2017-06-23,179.5,46.25,17.4,181,33.5,18.9,11.1,7.4,172,45.5,27,8.65,69,38.5,61.75,25.5,66.25,53.75,34.5,216,14.4,35.5,9.55,57.75,5.15,39,193,109,71.5,18.8,10.2,40.75,35.25,22.9,380,86.5,69.25,57.25,52.5,154,512,14.4,46.75,77,2.3,78.25,7.2,6.1,21.5,3.24
2017-06-26,178.5,46,17.4,181.5,33.5,19.3,11,7.5,174,46.5,27.25,8.7,70.75,37.25,61.75,25.25,67.25,53.5,36.5,215,14.8,37.25,9.55,58,5.3,39,194,110.5,72,18.8,10.2,40.75,36,23,379,87,69.5,57.5,53.5,154,508,14.3,46.5,77.5,2.3,77.75,7.2,6.2,21.5,3.22
2017-06-27,178.5,47,17.4,182,33.25,19.2,11.1,7.4,174,47,26.75,8.5,70,37,62,25,68.5,52.75,37.25,215,14.7,36.75,9.55,57.5,5.25,39,195.5,110.5,71.5,18.7,10.2,42,35.25,22.8,380,86.75,69.5,58,53.25,155.5,508,14.7,46.25,77.25,2.3,78,7.15,6.2,21.4,3.16
2017-06-28,177,46.75,17.3,183.5,34,19.3,11,7.5,173.5,47.5,27.25,8.6,69.5,38.25,62.25,25,67.5,52.25,36,215,14.6,36.75,9.55,57,5.35,38.5,198,109.5,71.5,18.7,10.2,41.5,35.25,22.7,377,87,68.75,58.25,53,155.5,504,14.6,46,77.5,2.28,78.5,7.2,6.2,21.2,3.18
2017-06-29,176,47.25,16.5,184,33.5,19.3,10.8,7.45,172,47.25,27.25,8.45,68.5,38.5,62.75,25,69,52.25,35.75,214,14.5,36.75,9.6,56.5,5.3,38.25,199,109,71.5,18.5,10.2,40.25,34.5,22.3,375,86.75,68.5,58.25,51.25,155.5,502,14.5,46,77.5,2.3,78.25,7.25,6.15,21,3.18
2017-06-30,177.5,47.25,16.6,185,33.5,19.2,10.8,7.45,171.5,47.75,26.5,8.5,68.5,38,62.75,24.8,69.25,52.5,34.5,214,14.5,36.25,9.6,57,5.35,38,198.5,108.5,71.5,18.8,10,40.25,33.5,22.3,370,86.25,68.5,58.25,50.25,155.5,504,14.6,46,76,2.3,79,7.15,6.2,21.1,3.16
2017-07-03,180,47.25,16.5,185,33.5,19.5,11,7.65,173,48,26.75,8.45,68.5,39.25,63.75,24.9,69,53.25,35.75,214,14.6,37,9.55,57.75,5.35,38,197,108.5,72,18.8,10.1,41,34.5,22.4,373,87,68.75,58.75,51.5,157,504,14.5,46.5,76,2.28,76.75,7.2,6.15,21.1,3.14
2017-07-04,178,46.5,16.4,184.5,33.5,19.9,10.8,7.6,173,47.25,26.25,8.45,66.5,39.75,63.25,24.9,69.75,51.75,34.75,213,14.2,37.5,9.5,57.75,5.35,37.75,199,106,71.75,18.7,10.1,40.5,34.75,23,374,87,69,58.25,52,155,506,14.2,46.5,75,2.26,75.25,7.15,6.15,21.1,3.14
2017-07-05,179,47.25,15.9,185.5,33.75,20.1,10.6,7.6,174,47,25.5,8.5,67.75,39.75,63,24.8,70,52.5,34,213,14,37.25,9.55,56.5,5.3,37.75,199,105.5,69.75,18.7,10,40.25,33.5,23,373,87,69.75,58,51.5,156.5,508,14.2,45.75,72,2.26,78.25,7.1,6.15,21,3.14
2017-07-06,179.5,49.75,15.5,185.5,33,19.8,10.5,7.4,174,47,25.5,8.5,67.75,39.25,62.5,24.9,69.5,51.75,33.5,212,13.9,36.75,9.65,57.25,5.25,37.5,198,104.5,70.25,18.7,9.9,39.75,34,22.7,369,84.25,69.25,57.5,51.5,153.5,508,14.3,46,71.5,2.26,78.25,7.1,6.1,20.8,3.06
2017-07-07,180,48.5,15.8,185,32.75,19.8,10.6,7.45,171,46.75,25.75,8.5,66.5,39.5,62,24.7,70,50.75,34,212,14,36.5,9.6,57.5,5.2,37.75,196,106,71,18.8,9.85,40.25,34.5,22.8,374,84.5,70,57,51,154.5,504,13.9,45.75,72.75,2.26,78.5,7.1,6.05,20.7,3.08
2017-07-11,183.5,49,15.7,187,33.25,19.4,10.5,7.4,171,45.5,25.5,8.45,66,40.75,60.5,23.9,69.5,51.25,35.5,211,14,37.75,9.55,58,5.25,37.75,199,106,71.75,18.9,9.85,41,35,22.7,373,82.75,68.75,56,53,155.5,496,14.4,46,73,2.32,79,7.05,6,20.6,3
2017-07-12,187.5,49.5,16,187.5,33.25,19.2,10.7,7.45,172,46,25,8.45,66.5,41,59.75,23.6,68.75,54.75,35.75,212,13.8,39.25,9.4,59.5,5.3,38,203,107.5,73.25,19,9.85,40.75,35.25,22.6,372,83.75,69,55,52.75,157,496,14.4,47,74.75,2.36,79.25,7.15,5.95,20.1,3.06
2017-07-13,187,49,15.8,189.5,33,19,10.9,7.55,171,46,25.25,8.5,66.25,41,60.5,24.3,68.5,55.5,35.75,211,13.7,39,9.4,59,5.35,38,203,104.5,73,18.7,9.9,41,35.75,22.6,376,84.75,69.5,55.5,54.25,157.5,504,14.5,47.75,76.75,2.28,79.75,7.15,6,19.9,3.06
2017-07-14,189.5,48.75,15.9,188.5,33.25,19,11,7.5,170,46,25.5,8.45,69.5,40.25,61,24.6,67.75,54.75,35.5,214,13.8,39,9.35,59.75,5.25,38,202,105,75,18.6,9.9,41.25,35.75,22.6,374,84.75,69.25,55.25,53.25,156,510,14.5,48,78,2.32,78.5,7.05,6,19.9,3.06
2017-07-17,187.5,47.5,15.8,188.5,33.25,19,11.2,7.55,170,46.75,25.25,8.45,69.75,39.5,61,24.9,67.75,54.75,35.75,214,13.8,38.5,9.25,59.25,5.25,37,200,104,74,18.7,9.75,40.75,35.75,22.8,376,84.75,69,55.25,52.5,157.5,506,14.6,47.5,74.75,2.34,79.25,7.05,5.95,20.3,3.06
2017-07-18,185.5,48.25,16.1,186,33.25,19.3,11.2,7.5,171,46,25.5,8.6,68.75,40,61,25.25,67.25,54.25,35.5,214,13.9,37.75,9.35,58.75,5.2,36.5,197.5,100.5,74,18.4,9.75,41.25,35,22.7,380,84.75,69.5,56,52,154,510,14.7,47.5,74.75,2.28,80,7,5.9,20,3.08
2017-07-19,187.5,49,16.5,184.5,34.25,19.3,11.3,7.5,174,46,25.75,8.5,70.75,40,61,25,68,56.5,35.75,214,13.9,38,9.35,60,5.2,36.5,198.5,101.5,74,18.5,9.75,41,35,22.7,380,84.5,69.75,56,51.25,153.5,508,15,46.75,74.25,2.32,83.5,7,5.9,20,3.08
2017-07-20,187,50.5,16.5,182.5,34,19.3,11.1,7.45,173.5,45.75,26.25,8.5,70,41,61,24.9,69,55.5,35.25,214,13.8,38.25,9.45,59.25,5.2,36.75,195.5,99.25,73,18.1,9.85,41,35,23.1,378,84.5,70,57,52,152,504,15.1,47.25,73.5,2.3,82.25,7.4,5.9,20,3.04
2017-07-21,185,51.25,16.4,180.5,34,19.1,11.2,7.4,172.5,45.5,26.5,8.5,69.25,40,60.75,24.9,69.25,55.75,35.75,214,13.7,39.75,9.5,59.25,5.2,36.5,197,99.75,70.25,18.2,9.9,41,35.25,23.1,378,84.5,70,56.5,52.5,151,500,15.7,47,74,2.38,84,7.35,5.75,20,3.02
2017-07-24,188.5,51.75,16.4,180,35,18.9,11.1,7.4,172.5,45.75,26.5,8.5,69,40.75,60.75,25,68.75,56,36.75,215,13.5,39.5,9.5,60,5.25,36.75,198.5,93.5,69.75,18.2,9.95,41.5,36,23.2,378,84.25,70,56.75,53.25,152.5,506,15.5,46.75,73.75,2.38,83.25,7.5,5.6,19.9,3.04
2017-07-25,191,52,16.3,180,34.75,19,11.5,7.4,173,45.75,27,8.55,70.75,40,61,25,69.5,56.5,36.75,216,13.4,40,9.7,60.5,5.35,36.25,197.5,89.5,68.25,17.9,9.9,41.25,35.5,23.2,385,86.5,70.75,56.25,53,152,506,15.7,47,72.5,2.4,83.75,7.6,5.65,20.1,3.08
2017-07-26,188.5,52,16.3,180.5,34.75,19.1,11.5,7.35,174.5,46,26.5,8.6,70.5,40,61,24.9,69.5,56,36.25,217,13.4,39.5,9.9,60,5.4,37.25,198.5,89.5,67.25,18,10,41.25,35.5,23,388,87.25,71.25,56.75,53,152,500,15.7,46.75,72.5,2.42,85,7.35,5.7,20.2,3.04
2017-07-27,188,52,16.3,181.5,35,19.1,11.7,7.45,175,45.75,26.75,8.65,71.5,40.5,61,24.9,68.25,55.75,36,222,13.4,39,9.85,60,5.5,37,197.5,89.25,66.75,18,9.95,41.5,36,23,388,87.75,72,57.75,52.5,150.5,500,15.6,47.5,73,2.42,85.5,7.45,5.65,20.2,3.04
2017-07-31,185.5,51.5,16.3,179.5,34.75,19.1,11.9,7.5,175,46.25,26.75,8.6,69.5,40.75,60.75,24.6,69.5,54.25,37,218,13.7,38.5,9.9,59.75,5.5,37.25,192.5,86.5,66.75,18.1,10,42.25,35.75,22.9,388,88,71.75,58.25,52.75,147,506,15.4,47.75,73.75,2.36,85.75,7.4,5.65,20.3,3.04
2017-08-01,185.5,52,16.8,179.5,35.5,19,12.3,7.4,177,46,26.75,8.5,70.25,41,61,24.7,69,54.75,37.25,219,13.9,39.75,9.9,60,5.45,37.5,190,88.5,68,17.9,10,41.25,35.5,22.8,386,87.25,73,56.5,52.75,145.5,500,16.3,47.5,72.75,2.34,86.25,7.45,5.7,20.2,3
2017-08-02,184.5,52.25,16.9,180,35.75,19.6,12.2,7.45,181,46.25,27,8.6,70,41,61.25,24.7,69,55.5,37.5,225,13.6,40,10,58.75,5.55,38,190,88.5,67.25,18,10,41.25,35.5,23,381,87.5,72.5,56.5,52,145.5,500,16.8,47.25,73.25,2.38,86,7.4,5.75,20.1,3
2017-08-03,188,52.5,16.8,182,36,19.6,12.3,7.4,188.5,44.5,26.5,8.5,70,41.75,61.25,24.8,68.75,55.5,37,220,13.3,40,9.8,59.5,5.5,37.5,188.5,86.25,67.25,18,10,41,35.5,23,380,87.5,72.25,56,52.5,145,498,16.6,46.25,72.75,2.38,85.25,7.45,5.7,20,3.02
2017-08-04,188,53.25,16.9,179,36.5,19.6,12.4,7.35,186,45,26.25,8.6,70.25,41.5,61.25,24.7,69.5,55.75,37,220,13.2,40.5,9.75,59.25,5.45,37.5,188.5,82.75,67.5,17.8,10,40.75,35.5,22.9,381,87,72.75,56,52.25,143,496,16.5,46.75,72.75,2.32,87.25,7.55,5.7,19.9,3
2017-08-07,182.5,54,17.3,180.5,36.25,19.6,12.2,7.35,186.5,44.5,26.25,8.5,69,41,61.5,25,69.75,55.25,36.75,222,13.2,41.5,9.75,58.75,5.4,37,189,81,67.25,17.5,10.1,41,34.75,22.9,382,87.25,72,55.75,52.25,141.5,490,16.3,47,72.75,2.34,86.25,7.5,5.65,19.9,3
2017-08-08,184,54.25,17.3,181,36.5,19.5,12.4,7.35,192.5,44.5,25.75,8.5,68.5,41.5,61.5,25.5,68.25,55.25,36.75,224,13.2,40.5,9.7,58.25,5.35,37.25,193.5,84,67.5,17.8,10.1,40.5,35.25,23,382,87,72,56,52.75,143.5,486,16.3,45.75,73.25,2.38,87,7.55,5.75,20,3.02
2017-08-09,184,53,17.2,181,36,19.2,12.1,7.4,187.5,44.5,26,8.5,68,41,61.25,26,68.25,55.5,36.75,223,13.1,39.5,9.65,58.25,5.4,37.25,193.5,83,67.25,17.9,10,39.5,34,22.9,384,86.5,72.25,55.75,52.5,144,488,16.1,45.75,72.75,2.38,87,7.4,5.7,19.8,3
2017-08-10,182.5,53.5,17.1,181.5,36.25,19.1,12.1,7.4,195.5,44.5,26.5,8.45,69.5,40.75,61,27,68.5,56.5,37,225,13.1,39,9.75,58,5.35,37.25,194,86,67,17.8,10,40,34.25,23.1,382,86,72,55.5,52,143,486,15.8,46.25,72.75,2.34,89,7.3,5.6,19.5,3
2017-08-11,178.5,52.5,17.1,181,35.75,19.5,12.5,7.35,197,44.5,26.25,8.45,70,40,61.75,26.75,68.5,54.5,36.5,225,13.3,38.25,9.75,57,5.4,37.25,193.5,86.5,66.5,17.7,9.95,39,34.25,22.8,381,85.25,71,55.25,50.5,143.5,484,15.8,46.5,72.75,2.32,87.25,7.15,5.45,19.5,2.98
2017-08-15,178.5,51.75,17.1,180.5,36.25,19.8,13.4,7.6,195,44.25,26.25,8.45,71.5,40.5,61.75,27,67.25,55,36.25,228,13.3,38.25,9.85,57,5.45,38.25,192.5,89.25,67.25,17.8,10.2,39.25,34.75,23,384,86,71,54.75,49.75,144,490,16,46,72.5,2.32,88.75,7.25,5.5,19.5,3.02
2017-08-16,180,52.75,17.1,178.5,37.5,19.9,13.3,7.6,196.5,44.5,26,8.45,71.75,40,61.5,27,66.75,54.25,36,229,13,38.75,9.85,55.5,5.45,38.25,191,88.5,67,17.8,10.2,39.75,34.5,23,384,84.75,72.5,54,50.5,141,496,16.1,46.5,72.5,2.32,88.5,7.3,5.2,19.6,3.02
2017-08-17,180,52.75,16.7,179,38.75,20,14,7.65,208,44.25,25.75,8.5,71.75,39.75,61.25,27.25,66.25,52.5,35.25,229,13.1,39.75,9.85,55.25,5.6,38,190,88.5,67.5,17.9,10.2,39.25,32.75,23,385,84.25,73.75,54,49.75,142,496,16.2,46.25,71.5,2.3,87.25,7.25,5,19.6,3.02
2017-08-18,180,52.75,16.6,179.5,38.25,20.2,14.2,7.6,202,44.25,25.75,8.55,68.5,39.5,61,26.25,66,53,34,228,12.8,39,9.8,55.25,5.6,37.75,191,87,67.25,17.9,10.3,38.5,31.75,22.8,389,84.5,73.75,54,47.5,142.5,492,16.4,46.25,70.25,2.28,88.25,7.35,5.1,19.4,3.02
2017-08-21,181,51.25,16.6,181,38.75,19.9,13.7,7.6,203,45,26,8.6,66.25,40,61.25,26.5,67.5,54,34.75,229,12.9,38.75,9.85,55.25,5.65,38,191,87.75,68.75,18.2,10.2,38.75,32.5,22.8,393,86.25,74,53.75,48,142.5,488,16.6,46.25,72,2.3,89.25,7.4,5.1,19.2,3.04
2017-08-22,181.5,51.5,16.6,183.5,37.75,19.8,13.4,7.6,202,45,25.75,8.6,67,39,61.25,26.25,66.25,54,35,228,13.3,38.75,9.8,55,5.55,38.25,194.5,86.75,69,18.4,10.2,38.75,32.25,22.8,392,85.5,74.75,54.25,48.75,143.5,492,16.4,46.25,72.5,2.34,90.5,7.35,5.25,19.2,3.06
2017-08-23,180,52,17,183.5,37.75,19.8,13.5,7.6,203,45,26,8.5,66.5,39.75,61.25,26,66.75,53.5,34,227,13.2,38,9.75,55.5,5.6,38,197.5,86.5,68.5,18.2,9.8,39.25,32.25,22.3,394,85.5,74.25,53.75,49.5,144.5,490,16.3,46.25,72.75,2.32,90.75,7.4,5.25,19.5,3.06
2017-08-24,180,52.75,16.8,181.5,38,20.5,13.6,7.7,213,45.25,27,8.5,66.75,40.25,60.75,26.25,68,51.75,34,225,13.2,37.75,9.75,55.5,5.65,38,196.5,87.25,69.5,18.3,9.8,38.75,32.5,22.4,393,85.75,74.25,53.75,50.5,144.5,488,16.3,46.25,74,2.3,90.5,7.35,5.25,19.4,3.02
2017-08-25,182.5,52.25,17.2,181.5,38,20.4,13.6,7.7,211,45.25,26.75,8.5,67,40,60.75,25.75,67.25,52.5,35,226,13.2,37.75,9.75,55.75,5.7,38.25,197.5,87,69.25,18.2,9.75,38.75,32.5,22.5,394,85.5,74,53.75,50,144,484,16.2,46,73.25,2.38,93.25,7.4,5.2,19.6,3.04
2017-08-28,185,52.25,17.4,183,38.25,20.6,13.8,7.85,211,47.25,26.75,8.5,67.5,39.75,60.75,26,68.75,52.75,36.25,227,13.8,38,9.8,56.75,5.9,38.25,200,86.5,69.75,18.2,9.8,39.25,33.25,22.6,394,85.75,76,54.5,49.75,144.5,486,16.3,46.25,74.25,2.38,91.75,7.4,5.25,19.7,3.06
2017-08-29,188,54.25,17.5,186,38.25,20.9,13.7,7.85,216,48.5,27.25,8.85,68.5,40.25,61.5,26.5,72,55.25,37,233,14.5,38.25,10,57.75,5.85,39.5,203,88.25,70.75,18.9,9.9,39.75,34,22.9,400,87.5,78.25,56,51.25,148.5,506,16.6,46.75,75.5,2.4,94.5,7.5,5.55,20,3.08
2017-08-30,188,54.75,17.4,186,38,21,13.6,7.85,217,48,27,8.75,69.25,40.5,61.75,26.5,71.75,54.5,37.25,234,14.5,39,10.1,57.5,5.85,39,205,87.25,70.25,18.7,9.7,39.75,33.5,22.6,402,87.75,76.5,57,50.75,150.5,502,16.6,46.75,74.75,2.38,92.75,7.45,5.55,19.8,3.14
2017-08-31,187.5,54.5,17.6,184.5,38,20.9,13.8,7.8,218,49.25,27.75,8.65,69.25,40.75,62,27.25,72,54.75,37.75,234,15,39,10,56.75,5.95,39,201,87.5,70.25,18.7,9.7,39.75,34,22.8,399,87.5,76.5,57.5,51.25,150.5,500,16.7,46.75,74.75,2.36,94.25,7.35,5.6,19.8,3.18
2017-09-01,190.5,55,17.4,186,38.25,20.7,14.4,7.8,215,48.25,27.75,8.65,70.5,41.25,61.75,27,71.25,54.75,37.75,231,14.4,38.75,10,57.75,5.95,38.5,204,87.25,71,18.6,9.65,39.75,34.25,22.7,400,88,76,56.75,52.75,151,496,16.6,47.25,75,2.36,93.25,7.35,5.55,19.9,3.18
2017-09-04,192,54.25,17.4,186,38.25,20.9,14.5,7.7,215,48.5,27.5,8.65,70,41.5,61.5,27.75,72.5,56.75,36.75,229,14.6,39,10.1,57.5,5.85,39.25,204,87,71,18.6,9.65,39.5,34.5,22.5,399,87.75,75,56.75,52.5,149.5,500,16.3,47.25,74.25,2.36,92.5,7.35,5.7,19.9,3.16
2017-09-05,191,54.25,17.4,183.5,38.5,20.7,14.2,7.8,214,48.5,27.75,8.65,71,41,61.5,27.5,72.25,58.25,37.25,229,15,40,10.2,57.75,5.95,39.75,202,86.25,69,18.5,9.6,39.25,34.25,22.8,400,87.75,76.25,57.5,51.75,148,498,16.2,47.25,73.75,2.34,91,7.45,5.95,19.7,3.12
2017-09-06,190,54.5,17.5,184,38.5,20.7,14.8,7.85,214,48.5,27.5,8.65,71.75,40.25,61.5,27.5,71.5,58.25,38.5,229,15,39.75,10.2,57.25,6,40.5,201,86,68,18.5,9.65,39.25,33.75,22.7,398,88.25,76,57.5,51.75,147,500,16.6,47,75.5,2.34,91,7.5,6,19.7,3.16
2017-09-07,190,54.75,17.4,186,38.5,20.6,14.5,7.85,213,51.5,27.5,8.7,72.75,40.75,61.5,27.25,72,58.5,39.5,232,15,40.25,10.5,58,6.1,40.75,205,84.5,68.75,18.3,9.7,39.25,33.75,22.7,406,90.5,77,58,51.75,147.5,498,16.6,46.75,74.75,2.38,89,7.6,6.1,19.7,3.38
2017-09-08,192,55.25,17.3,186.5,38.25,20.9,14.6,7.8,215,50.5,27.5,8.65,72.25,40.25,63,27.5,71.5,58.5,39.5,233,15,39.75,10.3,59,6.05,40.75,208,84.75,68.75,18.5,9.75,39.5,33.5,22.9,406,90,77.25,58,52,149,500,16.7,47,74.5,2.36,90.5,7.5,6.05,19.8,3.34
2017-09-11,191,56.75,17.5,189,38.5,20.7,14.2,7.8,215,51.5,27,8.6,71.25,40.75,63,27,72.25,58.5,39.75,228,14.9,40,10.5,58.75,5.95,40.5,213,87,68.25,18.5,9.65,39,34,22.7,404,88.75,76.5,60,51.5,150,496,16.7,47.25,73.5,2.34,91.5,7.5,5.95,19.7,3.34
2017-09-12,191,56.75,17.4,188,38,20.7,14.4,7.9,216,52,27,8.6,72.25,40.5,63.75,27,71.5,57.75,38.75,228,15.4,41.25,11,58.5,6.05,40,211,88.25,68,18.7,9.7,39,33.75,22.9,406,87.75,77.5,64.25,51.25,151.5,498,16.7,47,73.25,2.36,91.25,7.4,6.1,19.7,3.42
2017-09-13,191,57,16.8,188,37.25,20.6,14.5,7.9,211,52,26.5,8.65,72.5,41.5,64,26.75,71.5,58,39,229,15.4,40,11,58.5,6.1,40.75,211,88.5,67.75,18.7,9.75,38.5,33.75,23.4,404,87,77.25,63.25,50.25,152,496,16.8,47.25,73.25,2.38,92,7.4,6.05,19.6,3.38
2017-09-14,195,57.5,17.1,190,38,20.5,14.4,8.1,214,52.5,26.75,8.65,73.75,42,64,26.5,74,58.5,38.5,233,15.5,40.75,11.2,59.25,6.3,42.25,218,92.5,68,19,9.75,38.75,34,23.7,410,89.25,78,63.5,51.75,153.5,498,17.1,47.5,73.25,2.44,93.5,7.4,6.05,19.8,3.38
2017-09-15,194.5,57.75,17.1,190.5,38,21,14.4,8.15,215,50.75,26.75,8.65,73.5,42.5,64.25,27,73,58.25,38.25,237,15.8,43,11,59.25,6.25,42.5,214,92,67.25,19,9.8,39,34,24.1,412,88.75,78,63.75,52.5,155.5,504,17.2,47.5,73.25,2.48,92.5,7.4,6.05,19.8,3.4
2017-09-18,194,59.25,16.9,191.5,38,20.9,14.4,8,211,52.5,27,8.65,73.75,42.5,65,27.5,74.5,57.75,38.75,234,16,42.75,11,59,6.35,42.5,216,95.25,68,19.1,9.8,39.25,34.25,24.2,416,90,78,63,52.75,156,512,17.5,48,73,2.5,93,7.35,6.35,19.8,3.32
2017-09-19,193,61,16.9,189.5,37.75,20.8,14.6,8,210,51.75,26.75,8.7,74.25,43.5,65,27.25,75.5,56.75,38.5,231,15.9,44.75,11.1,59,6.35,41.75,216,93.25,69,18.8,10.1,39.75,34,24.2,420,91.5,79.25,63,52.5,154.5,506,17.3,47.75,74.5,2.46,92,7.3,6.35,20.1,3.46
2017-09-20,190.5,59.25,16.9,187.5,38.25,20.9,14.6,8,210,53,26.75,8.7,74.5,43.75,65.25,27.5,76.25,55.5,39.5,230,15.9,44.25,11,58.5,6.2,42.25,213,92.75,70,18.9,10.1,40,34,23.9,416,91,79.5,62.75,52.5,154.5,510,17.1,47.75,74.5,2.5,90.75,7.35,6.45,20.2,3.42
2017-09-21,192.5,59.25,17,187,37.75,20.8,14.6,8,215,52.25,26,8.6,74.75,43.5,66,27.5,75.5,54.5,39.25,228,15.9,45,10.9,59.25,6.25,42.5,210,94.25,70,18.9,10.1,40,34,24.3,414,90.75,78.75,62.75,55,153.5,506,17.4,47.75,75.25,2.46,91.25,7.4,6.35,20.2,3.56
2017-09-22,191.5,58,17.4,185.5,37.75,20.7,14.5,8,213,51.25,26.25,8.55,77.75,43.25,66,27.25,77,54.75,38.25,227,15.7,44.75,10.9,59,6.2,42.25,206,93.75,70,18.9,10.1,39.25,34.75,23.9,406,88.5,78,63.5,58.5,153.5,502,17.2,48,74.5,2.44,92,7.35,6.1,19.9,3.58
2017-09-25,194,58.75,17.8,186.5,38.75,20.6,15.2,8,211,52,26.75,8.6,84.25,43,65.5,26.5,75.25,54.75,38.5,230,15.6,44.5,11.1,58.75,6.35,42,209,98,70,19,10,39.25,35.25,23.8,412,89.5,78.75,63.25,58,154.5,504,17.3,48,76,2.48,92.5,7.4,6.2,19.6,3.58
2017-09-26,193,58.25,17.8,186,39,20.7,15,8.05,213,53.25,26.75,8.55,82.25,43,65.75,26.75,75.5,55.75,38.5,231,15.6,46,11.3,58.25,6.35,42.25,208,98,70.25,18.8,9.95,39.5,35,23.5,418,90.5,78.5,63.75,59,154,500,17.5,48,77.5,2.46,93.25,7.4,6.2,19.7,3.56
2017-09-27,193,58,17.6,185.5,38.75,20.7,15.2,8.1,214,52.5,26.25,8.55,87.25,43.5,65.75,26.5,77.5,57,39,230,16,45.75,11.4,58.25,6.25,42.5,209,102,69.75,18.7,9.95,40.75,34.25,23.5,418,89.75,78,64,57.75,154.5,500,17.6,48,77.25,2.5,93.5,7.55,6.15,19.6,3.62
2017-09-28,193.5,59,17.4,184.5,39.5,20.4,16,8.1,215,52.5,26.5,8.6,88,43.5,66,26,76.75,56.25,38,234,16,45.25,11.3,58,6.25,41.75,206,102,69.5,18.6,9.85,40.5,35,23.5,414,89.75,77.25,63.75,58.25,153.5,494,17.6,48.5,76.75,2.5,93.5,7.6,6.15,19.6,3.58
2017-09-29,191,59,17.6,186.5,40,20.5,16,8.05,215,52.75,26.5,8.55,87.25,44.5,66.75,26.75,78,57,38.25,235,16.1,46.25,12.2,57.5,6.3,42.25,207,100,69.75,18.8,9.9,40.75,35.25,23.5,408,89.5,77,64.5,60,153,500,17.7,48.75,77,2.52,92.5,7.6,6.1,20,3.56
2017-10-02,191,59.5,17.6,189,42,20.6,16.5,8.05,217,52.75,26.75,8.6,88.25,44.5,68,27,80.75,58.25,38.25,234,16.3,47.25,12.1,57.5,6.45,43,208,101.5,70.25,19,9.95,41.5,36.75,23.9,418,90.75,79.25,65.5,63.25,155,500,17.7,49,78.25,2.5,94,7.65,6.2,19.9,3.6
2017-10-03,191,59,17.5,188,42.75,20.5,16.4,8,215,53.25,27,8.55,87.75,45.25,68,27,79,57.5,39.25,231,16.7,51.25,12.1,57.25,6.4,43,207,102,70,19,9.9,41.5,36.75,23.7,422,90.75,80,65,61.75,154,502,17.9,49,79.25,2.48,94,7.9,6.2,19.6,3.56
2017-10-04,190,58.25,17.5,188,42,20.5,16.1,7.9,210,52.5,27.5,8.55,87.25,44.25,68,26.5,79,57.25,40,230,16.7,51.5,11.9,57,6.25,44.5,207,102,69.75,18.9,9.95,41,35.75,23.4,424,89.5,79,64.75,61,153,500,17.6,49.75,80.25,2.52,94.25,7.95,6.15,19.3,3.58
2017-10-05,192,58.5,17.6,189,41.75,20.5,16.2,7.9,210,53,27.5,8.55,87.75,44.5,67.5,26.5,78.75,58,40.5,232,16.7,51,11.9,57.5,6.35,44.5,208,103,70.25,19,9.95,41.5,36.25,23.5,418,90,80.25,64.25,62,152,496,17.5,49,80,2.5,94.75,8,6.2,19.4,3.64
2017-10-06,191.5,58.25,17.5,188,42.5,20.7,15.9,7.9,209,52.5,29.5,8.6,86.75,44.5,69,26.25,79.25,57.75,40.25,231,16.6,52.5,11.9,57.5,6.5,45,207,102,70.5,18.9,9.9,41.5,35.75,23.9,420,89.5,82.75,64,61.25,151,496,17.7,49.25,81.5,2.52,99.5,7.8,6.25,19.3,3.6
2017-10-09,191,59.5,17.4,187.5,42.5,20.9,15.9,7.85,211,51.75,29.75,8.6,86.5,43.25,68.5,26.25,78.75,57,40.25,230,16.7,51.75,12.1,57.75,6.35,44.25,207,99.5,70.25,19,9.9,40.5,35.5,24,418,89.25,82.25,64,61,150.5,498,17.9,49,80.5,2.5,99.5,7.75,6.2,18.9,3.54
2017-10-10,194,59.25,17.5,189.5,41.75,21,16.4,7.85,212,53.25,29.75,8.5,94,43.75,70,26.75,79.5,57,40.75,235,16.7,52.5,12,59,6.4,44.25,212,100,71.5,19.1,10,40.75,35.5,24.3,428,91.25,82.5,65.75,61,150,500,18,51.25,80,2.56,99.5,7.65,6.25,18.9,3.56
2017-10-11,194,59.25,17.9,190,41.5,20.9,16.6,7.85,213,54.5,29.75,8.55,94.25,45,70,26.75,79.25,58.75,40.5,234,17.2,51.75,12.1,58.75,6.5,44.75,217,100.5,71.5,19.1,10.1,41.5,35.5,24.3,430,91.75,82.75,68,66,150.5,502,17.9,52,81.5,2.56,98.75,7.75,6.25,19,3.72
2017-10-12,195,58.5,17.8,189,42,21.1,16.8,7.95,218,53.75,29.75,8.55,95,45,69.25,26.25,79.5,58,40.5,232,17.2,51.5,12,59,6.5,45,216,99.75,73.25,19.3,10.2,41.5,37.5,24.2,424,92.5,81.25,67.75,68.75,151.5,500,18.1,52.75,86.5,2.58,100.5,7.7,6.2,19,3.76
2017-10-16,197,59.25,17.8,194.5,43.25,21.7,16.8,8.05,225,53.5,30,8.55,96.25,45,70.25,26.5,80.75,57.5,41.25,232,17.2,56.25,12.5,60,6.65,45.25,217,97.25,73.25,19.4,10.4,41.5,38,24.3,428,93,82.25,70,67,151,498,18.2,53,86.5,2.62,103.5,7.9,6.35,18.6,3.82
2017-10-17,199.5,59.25,17.8,196,43,21.7,16.8,8.05,223,53.5,31.75,8.5,96.25,45.25,70,26.25,79.75,53.25,41.5,232,17.8,55.75,12.5,59.75,6.5,45,217,94.25,74.5,19.4,10.7,41.5,38.25,24.3,430,93.25,81.5,71.25,67.5,150.5,498,18.2,52.5,84.25,2.52,103.5,7.8,6.35,18.8,3.82
2017-10-18,195,58.75,17.6,193.5,42.75,21.5,16.3,7.85,221,54.5,30.75,8.4,98.5,45,69.5,26.75,78,52.25,41,231,17.5,55.5,12.2,58.75,6.45,44.5,215,94.5,75.5,19,10.6,41,37.25,23.8,422,91.75,82,69.5,65.25,148,494,17.9,52,84.5,2.58,102,7.8,6.25,18.5,3.76
2017-10-19,192.5,57.5,17.3,189.5,41.5,21,16.4,7.9,218,52.25,29.75,8.4,96.25,44.25,68.25,26,76,52.5,39.5,230,17,55,11.9,58,6.4,43.5,212,95.25,73,18.7,10.2,40.25,36.5,24,416,90.25,79.25,69,65.75,148.5,488,17.9,51.25,83.25,2.52,103,7.7,6.1,18.2,3.66
2017-10-20,193,58.25,16.9,192.5,41.5,21.3,16.8,7.9,217,53.5,29,8.4,97.75,43.5,69.25,26.5,78.75,53,40.25,231,17.4,55.25,12.4,58,6.3,44.5,213,94.25,75.5,18.4,10.4,40.75,37.5,24.3,410,86.25,79.5,70.5,69.75,147,492,17.8,51.5,84.25,2.58,104.5,7.8,6.15,18.1,3.64
2017-10-24,195,58.25,17.1,190,42.5,21.2,18,7.95,221,53.25,30,8.45,98.75,45.25,70,26.25,78.25,52.75,40.5,230,17.5,56,13,58.5,6.45,44.75,210,95,74.25,18.4,10.5,41.25,38.25,25,410,85.75,81,72.75,70,145.5,488,18.1,54,85.25,2.54,109,7.9,6.15,18.3,3.72
2017-10-25,195.5,58.25,17.1,188,42.5,21.3,18,8,222,54,29.75,8.5,106,46,70,26.25,78.75,54,40.75,230,18.2,59.5,13.2,58.75,6.5,44.75,212,95.5,75.75,18.3,10.6,41.5,38.25,25.25,410,86,80,72.75,70,147,488,18.1,54.5,89.25,2.52,105.5,7.85,6.15,18.4,3.82
2017-10-27,193.5,58.5,17,188.5,42.5,21.5,18.4,8,226,54,29.75,8.45,105,45.5,70,25.75,79,53.75,40.75,229,18.1,61.75,13.3,58,6.5,45.75,213,98,75.75,18.3,10.7,42.75,38.25,25,416,85.5,81,73.25,69.25,147,492,18,54.25,88.25,2.58,102.5,7.95,6.2,18.3,3.84
2017-10-30,194,58.5,17.5,189,42,21.5,18.1,7.85,222,53.75,31,8.5,104,46,70.5,26,79.75,54,40,230,18.1,61.5,13,58,6.4,45.75,220,101,75.75,18.2,10.7,43.25,39.5,24.8,420,86.75,80.5,74.75,70.75,147,488,17.8,54.25,87,2.58,103.5,7.9,6.1,18.4,3.84
2017-10-31,194.5,59.5,17.5,193,41.75,21.2,17.9,7.8,220,53.5,30.75,8.5,105.5,45.75,70,26,79.5,53.25,43.25,230,18.3,61,12.8,58,6.45,46,220,100,75.75,18.2,10.9,43.25,39.25,25.25,420,86.25,80,74.25,69.5,146.5,490,17.4,54.75,87.75,2.58,102,8,6.15,18.3,3.84
2017-11-01,193,58.25,17.4,194.5,40.5,21.1,17.5,8.1,218,52.75,30,8.45,104,46.25,70,25.75,79.25,51,43,227,17.8,62,12.8,57.5,6.4,47.5,224,98.25,75.75,18.3,10.9,43.25,39,26.5,420,85.75,78.25,73.75,71.5,146.5,480,16.6,54,88,2.62,98.75,7.9,6.15,18,3.76
2017-11-02,187.5,58.25,17.3,192,39.5,21.2,17.5,8.05,213,53,29.25,8.45,99.25,49,70,25.5,78.75,45.75,43,226,16.3,62,12.8,56.5,6.3,47.5,223,97.25,75.25,18.2,10.8,43,38.75,26,416,87.75,77.5,72.5,70.25,146,478,16.7,52.5,88.25,2.6,97.75,8.25,5.85,17.9,3.74
2017-11-03,184.5,58.5,17.1,192,40.25,21.3,17.8,8.1,213,51.75,29,8.4,101,47.5,70.5,25,79.5,44.75,43.25,228,16.3,59.25,12.3,56,6.45,48,223,97.25,75.25,18.2,10.5,43.75,39,25.5,416,89,78.75,70,72.75,146.5,480,16.7,52,86,2.58,98,8.3,5.7,17.9,3.78
2017-11-06,186.5,58,17.5,192,40,21.1,17.7,8.15,216,52.75,29,8.4,100.5,49,70.5,25.75,81,48,42.5,228,16.6,59.25,13.1,56.25,6.45,49,220,98.25,75.75,18.2,10.7,45.25,39.5,25.75,422,91.75,77.5,73.25,70.25,147,478,16.7,53.75,87.75,2.6,98.5,8.35,5.7,18.9,3.92
2017-11-07,186.5,58.5,17.5,190,40,21,17.7,8.15,215,53.25,28.75,8.45,99.5,46.75,70.75,25.75,80.75,48,42.5,227,16.7,58.25,13.1,56.75,6.5,49.25,220,97.5,75.5,18.3,10.6,44.75,39,24.9,424,94.5,78,73,67.5,146.5,480,16.4,54,87,2.58,99,8.35,5.7,18.6,3.88
2017-11-08,184.5,58.5,17.5,191,39.5,21.1,17.5,8.1,214,52.5,29.25,8.45,97.25,47.25,71,25.75,83,47.75,44,228,16.7,59.25,13,56.5,6.5,49.5,222,89.5,75.75,18.4,10.7,44,39.75,25,420,94.5,80.25,73.5,67.5,149,472,16.7,54,87,2.6,98.75,8.2,5.65,18.5,3.88
2017-11-09,180.5,58,17.4,191.5,39.5,20.9,17.5,8.1,214,52.25,28.5,8.4,98,46.75,70.5,25.5,82.75,48.75,44.5,225,16.6,58.5,13.2,56,6.5,48.5,220,85.25,75,18.4,10.3,43.5,39.25,25,416,93.5,80,73,67.25,148.5,472,16.7,53.75,86.25,2.56,97.75,8.3,5.65,18.4,3.82
2017-11-10,180.5,57.75,17.2,191.5,39,21,17.2,8,211,52,28,8.35,97.25,45.5,69,25.25,80.75,48,44,223,16.8,57.5,12.7,55.25,6.35,49,217,83.75,73.75,18.2,10.4,42.5,39.25,24.4,414,93.75,79,72.25,66.5,149,474,16.7,52.75,86.5,2.54,94,8.15,5.6,18,3.78
2017-11-13,178,57,17.3,190.5,38.75,21.7,19.6,7.9,199.5,51.25,27.75,8.3,102.5,46.75,70.5,25.5,80.25,45,42.75,221,16.5,58,12.6,55.25,6.3,49,217,85,75,18.2,10.4,42.75,39.5,24,414,93.75,79.5,74,68.25,150.5,476,16.3,53,89,2.56,92.25,8.25,5.65,18,3.84
2017-11-14,180.5,57.5,17.4,193,37.5,21.8,19.5,7.95,203,51.5,28,8.3,102.5,47.75,72,25,82.25,45,43.25,222,16.8,57.75,12.9,55.5,6.4,52.25,224,84.75,75.25,18.4,10.7,43.75,39.75,24.1,418,93.25,80,76.25,66,150.5,474,16.5,53.75,87.75,2.52,95.5,8.2,5.65,18.1,3.96
2017-11-15,181,57,17.1,193,37.25,21.6,20,7.95,202,54.25,27,8.3,98.25,47,72.25,24.4,81.75,46.75,42.75,222,16.3,54.75,13,55,6.4,49.5,220,83.5,75.75,18.2,10.6,43,39.5,24.2,412,92,79.25,75.75,67.25,147.5,472,16.5,53.25,87.75,2.6,93.25,8.1,5.75,18,3.96
2017-11-16,182,57.25,17.1,196,37.25,21.6,19.4,8,202,56.75,27,8.3,96.75,45.75,72.25,24.3,83,45.75,42.5,221,15.9,53.75,13,55.25,6.35,50.25,221,82.25,75.25,18.5,10.4,43.25,39,24,410,92,78,74.5,64,147.5,470,16,54,87,2.72,93.5,8.2,5.8,18.1,4.02
2017-11-17,182.5,58.25,17.1,196.5,37.25,21.8,19.7,8,203,57,27.25,8.25,96,48,74,24.9,85,45.75,43.5,220,16.1,55.25,13.3,55.5,6.3,50.25,224,85.75,76,18.5,10.6,44.25,38.5,24.1,418,92,78.75,76.75,64.25,149,474,16.1,56.5,90,2.7,93.75,8.2,5.85,18.4,4.06
2017-11-20,179.5,58,17.1,195.5,37.75,21.8,20.2,8.05,209,57.75,27.5,8.35,95.75,49,76.25,24.6,84,45.25,43.75,222,16.3,58.5,13.3,55.25,6.3,50.75,223,84.5,77.25,18.5,10.5,44.25,38,24,416,92,78.5,76.5,63.25,150,480,16.1,56.25,90.5,2.72,94.25,8.1,5.85,18.1,4.06
2017-11-21,179,59,17.1,196,37.5,21.9,20.1,8.05,207,57,27.25,8.35,100,50.5,74.5,24.7,83.75,44.75,45,222,16.5,58,13.5,54.5,6.25,49.25,223,84.25,76.5,18.6,10.6,45,37.25,23.6,414,92.75,78.5,77,61,149,488,16.1,55.75,89.25,2.78,93.75,8.05,5.55,18.2,4
2017-11-22,178.5,58.75,17.2,199.5,38.25,21.8,21.6,8,208,57,28.25,8.35,97.25,50,75,24.7,84,43.5,46,220,16.8,58.5,13.4,54.75,6.25,48.75,224,84.5,76.25,18.7,10.8,44,37.5,23.6,414,93.25,78.75,76,62,150,496,16.2,56.75,87.75,2.8,94.25,8.05,5.7,18,4.02
2017-11-23,175,58.75,17.1,199,38.5,21.9,21.2,7.9,207,59.75,27.5,8.3,95.5,51,75.25,24.6,83.25,42.5,46,220,17.1,57,13.2,54.25,6.25,48.5,223,84.5,75,18.6,10.9,43.75,37.25,23.4,412,94,79.75,75.5,60,149.5,494,16.2,55.25,87.5,2.84,96.25,8.05,5.65,18.2,3.98
2017-11-24,177.5,58,17,199.5,37.75,21.6,20.4,7.9,205,58.25,27.5,8.25,88.75,51.75,75.25,24.6,82,42,45.25,221,17,56.5,13,54.25,6,47,222,84,74.5,18.8,10.7,43.25,37.25,23.7,414,93,79,75.5,57.75,148.5,488,16.2,55.25,87,2.8,92.5,7.9,5.7,18.5,4.02
2017-11-27,178,58.5,16.9,198.5,37.5,21.4,20.6,8,203,58.75,27.25,8.25,88.5,51.25,75.25,24.5,82.25,42.75,45.5,220,16.8,55.75,13.1,54.5,6,48.25,221,83.25,72.75,19,10.4,43.5,37.75,23.6,416,93.75,78.25,74.25,61,147.5,488,16.2,53.75,83.25,2.84,92.25,7.95,5.7,18.5,3.98
2017-11-28,176,61.5,17.1,197.5,38.5,21.6,21,8,208,60.5,28,8.35,86.5,53,74,24.7,82,42.75,46.25,219,17.1,56.5,13.2,54.5,6.2,49.5,222,83.75,73.5,19,10.3,44.5,38.25,23.5,414,93.5,78.5,75.5,61,147,486,16.2,53.75,85.5,2.8,93,7.95,5.7,18.5,3.96
2017-11-29,176,62,17,203,38,21.3,20.5,8,206,58.75,27,8.2,83,54,74,24.3,82,42.5,46.75,218,16.7,55.75,12.9,54.25,6.2,49.25,229,82.75,74.75,19.4,10.3,43.75,38.5,23.4,412,92,79.25,76,63,149.5,482,16.2,55.5,87.5,2.86,95.25,7.7,5.65,18.4,3.94
2017-11-30,174.5,62.25,17.1,199.5,37.5,21.3,21.2,7.95,199.5,58,27.5,8.25,83.25,53.5,73,23.6,80.5,42.25,45.5,215,16.5,55,12.6,54.25,6.2,49,227,82.5,75.25,19.3,10.5,43.5,38.75,23.4,412,91.25,79.5,74,63,152.5,476,16.2,56.25,88.25,2.8,93,7.85,5.7,18.4,3.9
2017-12-01,175,61.75,17.1,203,37.5,21.2,21.1,7.95,199.5,58.25,27.5,8.25,82.25,53.5,73.5,24,80.75,44,45.5,215,16.9,57,12.7,54.25,6.2,49,223,82.5,75.5,19.5,10.4,43.5,38.75,23.5,420,92.25,79.25,73.5,60.25,153.5,472,16.3,55.75,85.75,2.9,93.5,7.75,5.65,18.3,3.82
2017-12-04,176,61.25,17.1,203,37.5,21.7,20.7,7.85,200,58,27.25,8.2,82.75,52.25,74,24.2,80.25,43.25,46,216,16.7,57,12.5,53.5,6.15,49.75,225,83,75.5,19.6,10.3,42.25,38,23.5,420,93,79.75,73.25,59.5,154,472,16.2,55.75,85.5,2.92,93.75,7.75,5.7,19.1,3.68
2017-12-06,178,61.5,17.1,203,37.75,21.5,20.7,7.85,200,57.75,26,8.3,79,54.25,73.25,23.8,78.75,45.25,46.75,216,16.6,54.5,12.4,54.25,6.25,50.25,229,83.5,75.25,19.4,10.3,41.75,38.5,23.8,422,93.25,80,72,59.75,152.5,476,16.5,56.25,85,2.94,96,7.9,5.7,18.9,3.68
2017-12-07,178,63,17,205,37.5,21.3,20.8,7.65,199,59.25,26,8.3,83,56.75,74,23.9,79.75,45.25,47.5,217,17.1,55.25,12.3,54.75,6.3,52.25,230,85.5,76.25,19.4,10.4,42.5,38.25,23.9,420,93.25,81,73.75,60,151.5,478,16.7,55.5,85,2.98,97.75,7.9,5.8,19,3.82
2017-12-08,177.5,62.5,17,205,37.5,21.3,20,7.7,202,58.5,26,8.3,84.75,57.5,74.5,23.9,79.75,45.25,49,219,16.9,60,12.3,55,6.45,52.5,228,86,76.5,19.4,10.3,42.25,38.5,23.8,422,93.5,82.25,72.75,60.25,151,478,17.3,55.75,85,2.94,99.25,7.95,5.75,19.5,3.76
2017-12-12,179,62.25,17.1,206,37.75,21.6,18.2,7.65,200,57.5,25.5,8.25,81.75,54.25,75,24.3,78.75,45.5,48.5,218,16.8,59.75,12.3,54.75,6.45,52,226,86.5,76.75,19.4,10.4,41.75,38.5,23.8,428,94.25,82.75,72,63.25,152.5,478,16.7,55,85,2.96,97.75,7.85,5.75,19.3,3.6
2017-12-13,186,62.75,17.2,203,38,21.5,18.7,7.6,195,57.75,26,8.35,81,54.25,75.25,24.4,81,44.75,49,220,16.8,59.75,12.2,56,6.6,51.5,224,87.75,77.75,19.5,10.3,41.5,38.5,24.3,426,93.5,82.25,73.25,62.25,151,480,16.9,55.5,85,3,99,7.85,5.85,19.2,3.7
2017-12-14,187,63.5,17.2,204,39,21.3,19.1,7.75,200,58.25,26,8.3,80.5,55.25,76.5,24.3,81,44.5,49.25,222,16.6,62.75,12.8,55.5,6.65,52.75,228,84.75,77.75,19.4,10.3,42.25,38.5,24.2,430,94,83.5,74.5,64.5,150.5,482,16.7,56.75,85.75,2.98,102,8,5.85,19,3.8
2017-12-15,185.5,64,17.5,204,39.75,21.3,18.9,7.75,197,58.5,25.75,8.4,80.75,55,76.5,24.3,82.25,43.25,49.75,218,16.2,64.5,13,55,6.55,53,230,84,78.25,19.5,10.3,42.25,39.5,23.5,432,94.5,83.5,74,64.75,149.5,480,16.9,56.25,87,3,102.5,7.95,5.85,19.3,3.8
2017-12-18,187,63.75,17.7,203,40,21.1,18.7,7.6,195.5,59.5,26.25,8.3,83.75,53.75,76.25,24.2,83.25,43.25,49.5,218,16.4,63.75,13.1,55.5,6.8,53.75,230,84.75,78.25,19.5,10.4,42.75,39.5,23.8,436,97.5,84,74,64.75,149.5,482,17,56,87.25,3,104.5,7.8,5.95,19.4,3.76
2017-12-19,183.5,64.5,18.7,206,40.5,21.8,19.5,7.7,190,61.75,26,8.25,84.25,54,76.5,24.2,82.25,42.75,49.75,220,16,66.75,13.1,55.25,6.8,53.5,231,84.5,79,19.3,10.4,43.25,39,24,438,99,83,73.75,64.75,151,482,17.4,57,88,3,105.5,7.95,6,19.2,3.94
2017-12-20,184.5,64.75,18.7,206,40.5,21.6,20,7.7,190.5,61,25.75,8.2,85.5,53.5,76.5,24.6,82.5,42.75,49.75,221,16.2,66,12.9,55.25,6.95,53.5,234,85.25,79,19.2,10.4,44,39.25,24,440,99,83.75,73.75,63.5,151,492,17.4,56.75,88.25,2.98,105.5,7.9,6.15,19.2,3.98
2017-12-21,185.5,64.5,19,205,39.75,21.6,19.9,7.6,191.5,61.5,25.75,8.25,85.25,54,76.5,24.6,81.75,44.25,49.5,221,16.4,65,13.1,55.5,6.9,53,233,85.75,78.75,19.1,10.3,43.25,39,24.1,438,99.5,83.75,73.5,63.75,151,494,17.2,56.5,87.75,2.96,104,7.9,6.2,19.2,3.98
2017-12-22,186,64.75,19,205,40.25,21.4,20,7.75,194.5,61.25,26.25,8.35,84,53.75,76.25,24.8,82.75,44,50.25,223,16.4,66.5,13,55.5,6.95,54,233,85.75,79,19,10.3,43,39,24.1,446,99.75,85.25,73,64.25,150.5,488,17.3,56.5,88,2.98,101,7.9,6.15,19.2,3.94
2017-12-25,187,66.5,18.8,206,40.5,21.2,20.2,7.8,193.5,61.75,26.5,8.4,83.25,54.25,76.5,24.7,82.75,43.5,51,225,16.6,70,13,55.75,6.95,54.5,234,84.75,79.25,19.4,10.4,43.5,39,24.2,448,100.5,85.25,72.5,65.5,152,490,17.3,57.25,90.5,3,103.5,8.05,6.2,19.3,4.02
2017-12-26,186.5,68.5,18.8,204,41,21.2,20.5,7.8,192.5,63.5,26,8.4,81.25,56.75,76.5,24.5,84,43,52,225,16.7,72.25,13.2,55.75,7.05,53.75,235,85,79,19.3,10.6,43.5,39.25,24.3,440,100.5,86.25,72.75,65.5,149.5,488,17.1,57.25,90.75,3.04,103.5,8.1,6.1,19.2,4.04
2017-12-27,186.5,67.5,18.7,203,40.75,21.1,20.8,7.7,193.5,64.75,25.75,8.35,80,57.75,77.75,24.4,85.25,44,52.75,222,16.8,73.25,13.4,55.25,7,53.25,235,84,79.5,19.2,10.7,44.5,38.75,24.1,440,102,85.75,73.75,66,149,486,17.2,56.75,89,3.02,103.5,8.15,6.25,19.3,4.02
2017-12-28,189,66.75,19.6,201,40,21,20.7,7.65,190,65,25.5,8.25,80.25,57.75,77.5,24.1,84.5,50.25,51.25,216,16.7,71,13.1,56,6.95,52,233,81.75,79.5,19.2,10.4,43.75,38.75,23.7,438,99.25,85,74.25,65,148,480,16.8,56.5,88.25,3.02,102.5,8.05,6.15,19.6,3.94
2017-12-29,191,68,19.5,202,40.75,20.9,20.8,7.7,189,66,25.5,8.3,80.75,58.25,77,24,85.25,49,52.5,216,17,72,12.8,56.25,7.05,53.25,232,82.75,79.25,19.2,10.5,43.75,38.75,23.5,440,100,85,73,65.25,150,484,17.1,56.25,88.5,3.02,103.5,8.15,6.2,19.9,4
2018-01-03,196.5,70.5,19.5,205,41.75,21,20.3,7.75,192,65.25,26.5,8.3,82.75,58.5,78.5,24.8,85.5,50.5,52.75,220,17.8,71.5,13.1,57.75,7.2,55.75,237,83.75,79.25,19.4,10.6,43.75,40,23.8,450,101.5,86.25,76,67,150,490,17.3,57.5,89.5,3.08,107,8.2,6.35,20.7,4.16
2018-01-04,194,70.5,20.6,205,41.75,21.1,19.8,7.7,194,64.25,27.5,8.3,83.25,55.5,78.5,24.5,84.75,50.75,52.5,217,18,71.5,13,57.5,7.3,56.5,242,84,80.5,19.7,10.5,42.25,41.5,23.5,472,106,89.5,76.25,69,149.5,496,17.5,57.5,90.25,3.08,106.5,8.15,6.5,20.9,4.2
2018-01-05,195,72,20.8,206,41.5,20.9,20.2,7.9,192.5,64,28,8.25,86,54.5,77.75,24.4,83.25,50,53.5,216,17.8,74.25,13,57.5,7.4,57.75,241,81.5,80.75,19.9,10.6,41.25,40.5,23.7,468,107,90.25,75,67.25,148,490,17.9,58,91.25,3.04,107,8,6.4,20.8,4.18
2018-01-08,196,74.25,20.5,207,40.75,21,19.8,7.8,190,61,27,8.3,88.5,51.5,76.5,24.2,82,48.25,54.5,217,17.5,73,13.3,57.5,7.2,56,241,80.75,81.5,19.9,10.6,42,40,23.2,466,105.5,89.25,74,66.25,150,492,17.3,57,93.25,3.02,104.5,8.05,6.3,20.5,4.18
2018-01-09,194.5,73.25,21.5,208,40.5,21,19.5,7.85,192,59.5,27.5,8.45,87.25,53,76.25,24.3,81.75,48.5,53.5,216,17.9,71.25,14,57.75,7.25,57.25,235,81,81.75,20.5,10.7,42.5,40,23.2,466,107,93,73.25,64,149.5,496,17.3,56.75,93.75,3.04,104,8.05,6.35,20.8,4.22
2018-01-10,194,71.25,21.7,206,41.25,21.1,19.6,7.7,200,58.75,27,8.35,87.75,52.5,77.5,24.6,82,50,53.25,218,17.6,72.25,13.6,57.75,7.2,56,233,80.75,81.5,20.3,10.6,42.75,39.5,23.3,470,107,92.75,73.5,64.5,150,504,16.9,58.25,93.5,3.02,99.5,8.05,6.65,20.9,4.24
2018-01-11,192,69.75,21.8,208,42,21,19.5,7.75,196,59.25,27,8.35,85.75,53.5,78.5,24.6,82,48.5,63.5,223,18,78,13.6,58,7.35,57,233,80.5,81.75,20.3,10.6,43,39.25,23.2,472,108.5,92.75,73,66.5,154.5,498,16.8,58.5,91.5,3.02,101,8,6.55,20.7,4.3
2018-01-12,192,69.5,21.7,209,43.25,21.1,20.1,7.7,196,58.75,27,8.4,81.75,52.75,79,24.4,82.75,49,65,219,18,77.25,14.1,58,7.5,57.25,238,81,83.75,20.4,10.8,42.75,39.5,23.3,470,111,92.5,71.75,66,158.5,498,16.9,59.75,94.25,3.06,102,8,6.45,20.7,4.36
2018-01-15,194.5,71.25,22.2,212,42.75,20.8,20.2,7.7,195,57.75,26.75,8.4,81,54,78.25,24.4,83.25,50.25,68.75,218,18.7,78,14.2,58.25,7.65,58.75,234,80.75,84.75,20.6,10.9,44.25,39.75,23.5,484,113,93,72.75,64.25,162,504,17,59,91.75,3.08,101.5,8,6.5,20.2,4.46
2018-01-16,193.5,70.75,22.3,212,42.25,20.9,20.1,7.8,197,60,26.75,8.45,81.5,54.75,78.5,24.3,84,49.75,67,218,18.7,78,14.4,58.25,7.55,57.5,234,81.25,83,20.6,11.1,44,39.75,24.1,482,112.5,93.5,73.25,62.5,161,502,17.1,58.75,91,3.1,101.5,8.05,6.5,20.2,4.44
2018-01-17,192.5,70.5,22.1,213,42,20.8,19.9,7.7,195,58.5,26.5,8.4,81.75,53.5,80,24.6,85.5,49,67.75,220,18.4,82.75,14.6,57.75,7.4,58,232,82.75,83,20.7,11.9,44.5,39.25,24.7,484,113.5,94.5,73.75,61,162,502,17.1,58.75,89,3.08,99.5,7.95,6.4,20.6,4.48
2018-01-18,192,70.25,22.6,213,41.5,20.9,21.4,7.75,196.5,58.25,26.75,8.2,81.25,52.25,79.5,24.3,85.25,49,67.5,217,18.5,82.25,14.3,57.75,7.25,56.75,227,82.5,82,20.5,11.4,44.5,39.25,24.8,480,114,95.25,74.75,61.5,157,502,16.9,58.75,89,3.08,99,7.9,6.3,20.7,4.42
2018-01-19,193,70.25,21,212,41.25,21.2,21.4,7.75,197,58,26.25,8.2,82.25,51.5,80.25,24.3,86,51.5,69,218,18.5,86.25,14.1,58,7.35,57.75,227,83,81.75,20.4,11.6,43.75,39.25,24.4,478,115,94,74.75,61.75,153.5,500,16.8,58,89.5,3.12,100.5,7.9,6.35,20.7,4.4
2018-01-22,195,70.5,20.8,211,41.75,21.2,21.5,7.8,197,58,26.25,8.2,81.5,51.5,80.5,24.2,85.5,53,69.5,220,18.6,86.5,14.2,58.25,7.3,57.5,221,81,83.5,20.2,11.7,44,39.75,24.3,484,115.5,96.5,74.5,62.25,154,492,16.7,59,90.25,3.04,100.5,7.9,6.35,21,4.42
2018-01-23,196.5,69.75,21.3,215,42.25,21.1,21.7,7.75,197.5,58.5,26.25,8.15,83.25,51.75,80.5,24.1,84.25,52.5,68.5,221,18.4,85.25,14.5,58.75,7.35,57.5,227,80.5,83,20.4,11.5,44,40,24.5,488,117,99.75,74.75,60.75,158,496,16.8,58.75,90.5,3.04,102,7.9,6.5,21.2,4.28
2018-01-24,198,70.25,21.3,215,42,21.2,22.2,7.7,198.5,58.5,26.75,8.15,82.75,52,80.25,24.1,84.5,53,68,219,18.3,86,15,58.25,7.4,57.5,226,80.75,83.5,20.3,11.7,44,39.75,24.7,492,117.5,98.25,75.5,58.75,156.5,502,16.6,59.25,90.5,3.02,101,7.9,6.75,21,4.22
2018-01-25,193,70,21,211,41.5,21,21.7,7.7,193,58.25,26.25,8.05,82.5,50.75,80,23.6,85,51.75,66,219,18,82.75,14.5,57.75,7.4,56.5,226,79,83,20,11.5,43.25,40.5,24.3,486,117.5,94.25,73.75,59.75,156,494,16.6,58.25,90.75,2.96,101.5,7.85,6.6,20.9,4.18
2018-01-26,194,70.5,21.9,210,41.25,21.1,21.3,7.6,193.5,57.5,26.5,8.05,82.25,49.5,80.25,23.9,85.75,50.25,67.25,221,17.6,82.5,14.4,57.75,7.4,56.25,229,77,82.5,20.1,11.5,43.5,42,24.4,490,119.5,96.5,72.75,60,158,496,16.6,58.5,90.5,3,105,7.85,6.85,20.9,4.24
2018-01-29,194,70.5,22.5,209,41.75,21.4,22,7.75,197.5,57.25,26.5,8.1,82.25,51.5,79.75,23.9,84.25,51.75,67.5,222,17,85,14.4,58,7.4,56.75,232,77.5,83.25,20.1,11.6,43.75,42,24.4,498,120.5,97.5,71.75,62.25,159,494,16.6,58.75,90.5,3,105,8.05,6.9,20.7,4.24
2018-01-30,193.5,69.75,22.5,207,42.25,21.6,22.4,7.65,196.5,57,26.25,8.05,82.25,51.5,79.5,23.8,82.75,50.25,67.25,220,17.2,84,14.2,58,7.35,56,234,76.75,82.5,20,11.5,43.75,42.75,24.3,490,118,97,71.5,62.25,155.5,492,16.7,59.25,89.75,2.96,103.5,8.1,6.75,20.8,4.22
2018-01-31,192.5,70,22.8,207,41.75,21.6,22.2,7.75,196,57.5,26.5,8.05,82.5,51.75,79.75,23.6,83,49.25,67.75,218,17,83.25,14.2,57.5,7.35,56,230,74.5,81.75,20,11.6,44,42.75,24.2,492,119,96.25,71.75,63,157.5,492,16.7,59,88.5,2.9,102.5,8.05,6.75,20.7,4.22
2018-02-01,194,70,22.5,208,41.5,22.4,22.3,7.8,204,59.5,26.25,7.95,81.25,52.5,80,23.6,83.5,50,66.25,218,16.9,82.5,14.2,57.75,7.4,55.5,229,72.75,81,20.1,11.8,44.25,42.25,24,498,121.5,96.25,70.75,63.25,157.5,494,16.9,58.25,87.75,2.9,104,8,6.75,20.8,4.2
2018-02-02,194.5,70,21.8,210,41.75,22.2,21.9,7.65,202,58.5,26,8.05,80.25,50.5,79.75,23.4,82.5,49.25,65,220,16.9,81.25,14.2,57.75,7.45,55.5,230,72.25,81.5,20,11.8,44,41.75,24.5,502,122.5,95,70.5,62.25,155.5,492,16.9,58.25,87.5,2.9,102,8,6.65,20.2,4.28
2018-02-05,194.5,69.75,21.6,208,40.75,22,21.6,7.6,198.5,58,25.5,8,77.5,48.75,79.25,23.2,82.25,46.75,64.5,219,16.4,80,13.8,57.75,7.3,53.5,229,76,80.75,19.8,11.2,43.5,41.5,23.9,500,119.5,93.5,70.25,61.25,153.5,486,16.7,57,86.5,2.9,100.5,7.95,6.5,20.5,4.26
2018-02-06,192,69.25,21.6,206,40,21.8,21.2,7.55,195,57,25.25,7.85,76.5,48.75,78.5,23.1,81.75,48.25,64.25,218,16.5,80.5,14,56.75,7.2,53.25,228,72.25,79,19.6,10.8,42.5,40.25,23.7,484,118,93.5,70,60.25,151.5,480,16.6,56,87,2.94,100.5,7.85,6.3,20.5,4.2
2018-02-07,193,69,21,204,39.75,21.7,21.4,7.4,197,57.5,24.6,7.9,75.75,48.75,79.5,22.9,81,47,66.25,216,17.2,81.75,13.9,56,7.25,52.25,227,72.75,79,19.7,10.9,42.5,40.75,23.6,484,115.5,91.75,70.75,61,149.5,480,16.7,56,86.75,2.96,101,7.8,6.3,20.3,4.16
2018-02-08,192,68.75,20.8,206,40,21.7,21.9,7.5,198,57.75,24.9,7.9,75.75,50.5,79.25,22.8,83.25,47.25,66.5,217,16.7,83,13.9,56.25,7.25,50.75,223,74.75,79,19.6,11,43,41.75,23.8,480,113.5,90.25,70,61.25,150,480,16.7,56,87.5,2.94,99.25,7.85,6.4,20.5,4.18
2018-02-09,192.5,67.75,21,208,39.75,21.6,21.9,7.45,196,56.75,24.6,7.85,76,50,78.5,22.8,82.25,47.25,68,218,17,83,14,55.5,7.3,53.25,224,77.25,79.25,19.6,10.9,42.5,41.5,23.5,480,112,91.75,69.5,59.75,148,476,16.7,56,87.75,2.96,99,7.75,6.4,20.3,4.2
2018-02-12,193.5,67.5,21.2,206,40,22.3,22.5,7.5,196.5,56.5,25,8,77.5,50.5,78.5,23,84.5,46.75,69,221,17.3,85.75,14,56.75,7.4,53,225,77.25,81,19.7,10.9,42.5,42.25,23.7,488,115.5,92.25,70.25,60.5,149,476,16.7,56.25,88.75,2.96,99,7.8,6.35,20.4,4.26
2018-02-13,195.5,68.75,21.1,205,39.5,22.3,22.4,7.4,199,56.25,24.8,7.9,76,51.25,79,23.1,82.75,48.75,67.25,221,16.8,83,13.7,57.25,7.5,53,225,75.75,80,19.9,10.9,43,43.25,23.6,488,114,92,70.25,60.75,149.5,484,16.7,56,87.5,2.92,99,7.7,6.35,20.2,4.26
2018-02-14,195,69.25,20.8,206,39.5,22.1,22.1,7.4,199.5,55,24.8,8,76,50.5,79.5,23,82.75,47,67.25,221,16.9,82.25,13.9,57.75,7.4,53.75,224,73.5,79.25,19.8,11,43.75,43.5,23.6,480,110,91.25,70,60,148.5,478,17,55.5,87,2.9,101,7.7,6.3,20.4,4.2
2018-02-15,196,69.25,21.8,206,40,22.5,22.5,7.5,201,55.75,25.25,8,76.25,50.5,80.25,22.9,83.25,47.25,68,229,17,79.25,14,58.25,7.45,54.75,228,73.25,82,19.8,10.9,43.5,43.25,23.7,486,112.5,92.5,71.25,60.5,148.5,478,17.1,56.25,88.5,2.9,100,7.75,6.4,20,4.24
2018-02-16,195,68.75,21.7,206,39.75,22.7,22.5,7.55,206,55.5,24.9,8.1,77,51,81.25,22.8,83.5,46.75,67.75,241,17,80,14.2,58,7.5,55,228,73,82.5,19.9,11,42.75,43,23.7,486,112.5,93.75,72.5,61.25,149,480,17.2,56.25,89.5,2.92,101,7.95,6.3,20.1,4.22
2018-02-19,194,69.25,21.6,208,40.25,22.4,22.5,7.45,204,56.5,24.8,8.15,76,51.25,83.75,23.5,83.75,45.75,66.75,239,17.2,79,14.3,57.5,7.6,54.75,228,72.25,82,19.9,10.9,42.25,43.5,23.7,488,112.5,94.25,71.75,60.25,149,482,17.2,56.5,89.25,2.92,102,7.9,6.3,19.9,4.22
2018-02-20,193.5,68.5,21.5,205,40.5,22.3,22.3,7.4,198,56.5,24.7,8.15,75.25,51,82.75,22.9,82.75,45.75,67,231,16.9,79.25,14.2,57.25,7.65,54.5,227,72.5,80.5,19.8,11,40.75,44.25,23.6,490,113,93.5,72,60.5,148,482,17.3,56,88.5,2.9,102,7.85,6.25,20.4,4.28
2018-02-21,192.5,68,21.3,206,40.25,22.1,21.7,7.4,198.5,55.5,24.8,8.1,69.5,49,83.5,22.9,83.25,45.75,66.5,233,16.5,77.25,14.1,57.75,7.75,52.25,228,69.25,80.75,19.9,11,40,42.75,23.7,522,114.5,93.25,70.5,58.5,149,478,17.2,56,86.25,2.9,101,7.8,6.2,20.7,4.22
2018-02-22,192.5,67.75,21.6,206,39.75,21.9,20.7,7.3,201,54.5,24.3,8.15,59.75,48.75,84.25,22.7,83,44.5,64.25,232,16.5,72.75,14.4,56.75,7.85,51.25,225,69,79.5,19.6,10.9,39.5,43.5,23.6,540,115,93.75,69.75,57.25,146.5,478,17.1,56,86,2.86,99.5,7.65,6.1,20.2,4.18
2018-02-23,194.5,68.75,22.2,206,40.25,22.5,21.7,7.35,207,55,24.8,8.15,63.25,51,84,22.8,84,45.25,66.75,237,16.4,76,14.6,57.25,7.9,52.75,226,69.5,80.25,19.7,11,40.75,44,23.6,538,115.5,94.75,70.25,57.5,148.5,480,17.2,56,86.75,2.9,100.5,7.75,6.3,20.4,4.2
2018-02-26,196,71.25,23.5,208,40.75,22.6,21.8,7.35,207,56.75,25.75,8.2,61.25,52,84.5,22.7,85.25,45.75,68,243,16.7,78.25,14.4,57.5,7.85,54.75,230,69.75,79.5,19.9,11.2,41,44.75,23.8,566,118,97.5,68.25,60,148.5,482,17.7,55.5,86.75,2.98,104.5,7.75,6.4,20.6,4.22
2018-02-27,196,70.75,23.2,210,40.5,22.2,20.8,7.4,204,56.25,25.75,8.2,61.75,50.25,83.25,22.9,84,46.25,67.5,238,16.7,77,14.5,57.5,8.05,54.25,233,71,79,20.4,11,40.75,42.75,23.6,574,117,99.25,66.25,59.75,148.5,494,17.7,55.75,89,3,101.5,7.35,6.3,20.5,4.12
2018-02-28,198,70.75,23.5,211,40.5,22.1,21.3,7.3,206,59.5,25.75,8.15,66,51.25,84,22.9,84.25,45.75,67.25,238,16.4,74,14.4,57,8.15,54,232,70,78,20.3,11,40.5,43.25,23.6,568,115.5,99.25,67.25,61.5,149,490,17.7,55.75,88.5,3,103,7.25,6.3,20.1,4.12
2018-03-02,197,69.5,22.7,210,40,22.6,21,7.1,208,59.75,25.25,8.2,64.25,49.75,84.75,22.7,83.25,46.5,63.25,235,15.9,73.5,14,57,7.95,53,230,70,76.5,19.9,10.8,39.75,43,23.5,556,115,99,66,63,148.5,488,17.5,54.75,88.5,2.94,99.75,6.9,6.4,20.4,4.08
2018-03-05,196.5,69,23.2,208,40.25,22.5,21.3,7.1,207,58.75,25.5,8.2,63.75,49,87,22.7,82.75,45.75,59.75,239,16.3,73,14.2,57,8.05,52.75,228,68.5,77,19.9,10.8,39.5,43.25,23.7,562,111.5,95,66,62.75,148.5,486,17.5,54.75,87.75,2.92,98,6.95,6.3,20.5,4.04
2018-03-06,200,68.75,22.9,208,40,22.2,20.9,7.1,210,59,25.5,8.2,64,48.25,86.5,23.8,80.25,46.5,50.25,238,15.3,70.75,14.2,57.25,7.85,52,228,65,76.5,19.9,10.9,39,43.25,23.7,552,113.5,95.75,63.5,62.75,147.5,490,17.5,54.75,88,2.88,98,6.95,6.45,20.3,3.92
2018-03-07,197.5,68.25,21.2,206,39.5,22.4,20.7,7.2,211,58,24.6,8.25,62,48.5,85.5,24.1,81.75,45.5,50.75,235,14.9,70.25,14.1,56.75,7.65,51.75,227,64.5,76.5,19.9,10.8,39,42.5,23.6,540,111.5,91.5,62.75,61.75,147,486,17.2,54,87,2.92,96.5,6.9,6.45,20.1,3.84
2018-03-08,201,68,21.5,209,39.5,23.1,21,7.1,217,59.25,24.3,8.15,61.5,45.5,85.75,24,77.75,45.75,49.5,233,14,72.75,14,57,7.55,52.5,228,66.25,75.25,19.9,10.8,39,40.75,22.6,532,112.5,93,61.25,62.25,146.5,488,17.2,54.25,87,2.94,97,6.85,6.45,20,4.04
2018-03-09,204,67.5,21.3,210,39.5,23.1,20.1,7.15,215,59.5,23.9,8.2,61,43.5,87,24.1,78.75,46,45.5,231,14.2,72,14.2,58,7.55,52.25,230,66,75,19.9,10.9,39,38.25,22.7,534,113.5,95,60.75,60,148.5,492,17.2,53.75,87,2.9,96.5,6.85,6.45,20,3.94
2018-03-12,208,68.5,21.7,211,40,22.9,20.2,7.25,215,61.75,24.1,8.3,62,46.25,87.75,24.2,80,46,42.5,239,14.2,74.75,14.5,58.75,7.5,52.75,232,66.5,76,20.2,11,38.75,37,22.9,558,115.5,96.25,62.25,61,149,504,17.3,54.5,87.5,2.94,98.5,6.9,6.7,20.2,3.94
2018-03-13,207,68.5,22,209,39,23,19.8,7.25,214,61.25,24.7,8.3,64.5,46,87.75,24.2,80,46.75,48,240,15.4,76.25,14.4,58.5,7.8,54.5,228,69.25,75.25,20.1,10.8,37.5,38.5,22.7,566,115.5,96.75,64,62,149,504,17.3,53.75,87.25,2.88,99,6.75,6.9,20,4.02
2018-03-14,207,68,22.4,209,39.25,22.4,19.6,7.3,208,61.5,24.9,8.35,65.25,46.25,87,25.5,81,45,49,238,15.9,76.25,14.6,58,7.75,54.75,225,70,76,19.9,10.9,39.25,40.25,22.6,560,115.5,95.5,64.25,64,148,504,17.3,55.25,88.5,2.84,100.5,6.95,7.25,20.1,4.08
2018-03-15,207,67.75,22.1,210,39.75,22.7,20,7.2,212,60.75,24.7,8.4,63.5,48.25,87,25,79.5,46,48,234,15.5,75,14.5,58,7.7,55,224,70,77,20.2,10.9,39,40.5,22.5,558,116,98.25,63.5,64,150,508,17.5,54.75,89.5,2.78,99.5,7,7.15,20.1,4.08
2018-03-16,212,68,22,209,39.5,22.6,21,7.2,209,58.5,24.5,8.35,63,47.25,87.5,26.25,79.5,45.25,45.75,236,15.4,74.75,14.5,58.75,7.65,55.25,223,70,77,20.1,10.9,38,40,22.4,548,117,100.5,62,65.75,148,504,17.2,56.5,91,2.76,99.25,7,7.05,20.1,4
2018-03-19,210,67.75,21.1,208,39,22.7,20.7,7.15,207,58.25,24.5,8.35,62.25,45.75,87.5,26,79.5,44.75,48.25,236,15,75.25,14.3,59,7.55,55,223,70,77.5,20.2,10.9,38,39.25,22.2,536,116.5,98,62,64.5,148,498,17.2,55.5,90.5,2.78,98.5,6.95,7.15,19.8,3.9
2018-03-20,210,67.75,20.9,206,38.75,22.7,21,7.15,209,58,24.5,8.25,62.25,47.25,87,26,78,44.75,47.5,236,15.4,76,14,59.25,7.6,55.25,225,69.5,77,20,10.8,38.75,37.75,21.8,542,114.5,98.25,62,62.5,147,504,16.9,54.5,90,2.8,96.5,6.9,7.2,19.7,3.98
2018-03-21,210,68.5,20.8,203,38.5,22.7,21.4,7.3,207,58,24.7,8.3,63,47,87.75,25.25,78.5,44,47.25,236,15.6,77.5,14.1,59.25,7.55,56.5,222,69.5,76,19.6,10.8,38,38,21.7,542,116,96.75,63.25,62.5,146,502,16.8,54.75,90.5,2.82,96.25,6.9,7.05,19.6,4
2018-03-22,209,68,20.7,204,38.75,22.3,21.6,7.25,207,58.25,24.7,8.3,61.75,47,88,25.25,78.75,44,47,236,15.6,77,14.2,58.25,7.55,56,220,71.5,76,19.8,10.6,37.75,38.25,21.8,544,116,98,63.75,62.5,145,506,16.8,53.75,90.75,2.8,96.25,6.9,7.1,19.7,4
2018-03-23,209,68,20.3,202,38.25,22.8,21.4,7.25,209,57.25,24.7,8.3,62.5,47.25,88.5,25,78,44,46.5,233,15.3,76.5,14,58,7.5,57,221,71.25,75,19.8,10.5,37.25,38,21.7,550,115.5,98.5,63.5,61.25,145.5,500,16.8,53.75,90,2.78,95.25,6.8,7.1,19.6,4
2018-03-26,212,67.75,20.5,200,38.25,22.8,21.3,7.3,211,58.5,24.5,8.35,63,47.5,88.5,25,78.25,45,46.5,232,15.4,77.25,14.1,58.75,7.45,57.5,222,71.5,75,19.8,10.6,37.25,38.5,21.6,560,117.5,99,65,61,145,498,16.8,53.75,90.25,2.8,95.75,6.9,7.15,18.9,3.96
2018-03-27,206,67.75,20.5,202,38.25,22.9,21.6,7.25,211,58.25,24.8,8.3,64.75,48.25,90,25.25,78.5,45.75,47.75,232,15.3,77.25,13.9,57.75,7.5,57.5,222,71,75,19.7,10.5,38.5,38,21.5,560,117.5,97.25,63.75,63,145,504,16.7,53.5,90.25,2.76,95.25,6.95,7,19.2,3.94
2018-03-28,208,67.75,20.2,202,37.75,23,21.5,7.2,207,57,24.5,8.25,62.75,48,87.75,25.5,79.5,44.5,44.75,232,15.6,75.5,13.9,58,7.45,56.75,213,68.5,73.5,19.2,10.6,37.75,38,21.4,560,116.5,96.75,63,61.75,141.5,502,16.7,53.25,89.25,2.74,94.25,6.85,7,19,3.86
2018-03-29,206,66,19.8,198,36.75,23.5,21.3,7.2,207,56.5,24.6,8.3,62,48,87.25,25.25,78.5,45,43.75,229,15.6,75.5,13.9,58,7.25,56.75,212,67,72,19,10.6,38,38,21.7,548,114.5,94.75,62.5,61,143.5,494,16.3,52,88,2.52,90.75,6.9,6.95,18.7,3.78
2018-03-30,208,67.5,20.3,197,36.25,23.5,21.3,7.15,213,57,24.3,8.35,63.75,49.25,88,25.25,78,44.5,43.75,232,15.7,76,14.2,58,7.4,57.25,212,67.25,73.25,18.9,10.5,38.25,38.5,21.4,552,114.5,94.5,63.25,60.75,143,500,16,53.75,89.75,2.56,91.75,6.8,7.1,18.9,3.74
2018-04-02,209,67.5,20.3,199.5,36.5,23.8,21.7,7.1,218,56.5,24.5,8.3,65,50.75,87.5,25.5,77.25,45,39,235,15.7,75,14,58,7.5,56.75,214,67.25,73.5,19,10.8,38.5,38.75,22.4,552,116,96.5,63,60.75,145,502,16,54,91.25,2.58,92,6.8,7.2,18.7,3.72
2018-04-03,207,69.5,20,198.5,36,23.5,21.9,7.25,215,56.75,24,8.35,63,49.75,88,24.9,75,45,34,228,15.7,72.5,14,57.5,7.25,56.5,212,65.5,73,18.9,10.6,38.25,35.75,22.1,546,114.5,95.75,62.25,58,143.5,498,15.8,52.5,90.75,2.54,90,6.75,7.25,18.3,3.6
2018-04-04,202,68.5,19.6,188.5,35,23.5,21.5,7.15,210,56,24,8.2,61.5,49.5,86.5,24.5,75.5,43.75,32.75,224,15.4,71.75,14.2,57,7,53.25,195.5,63.25,70,18.3,10.7,37.5,33.25,21.5,532,112,92.75,60,53,140,484,15.4,52.5,87.75,2.4,89,6.4,7.3,17.7,3.48
2018-04-05,197,69.75,19.9,189,35.25,23.1,21.6,7.2,213,56.75,24.1,8.4,61.5,51.75,87.75,24.8,77,45,35.25,228,15.5,71.25,14.1,57.25,7.1,55,192,62.5,72.5,18.2,10.7,39,34.75,22.1,542,113.5,95.75,60.5,54.5,138,482,15.8,52.25,88.75,2.4,91.5,6.4,7.15,18.2,3.58
2018-04-09,201,70.5,20.1,193,36.25,23.9,22,7.35,221,56.25,24.3,8.45,61.5,52.5,87.75,24.8,77.75,44.75,30.75,226,15.5,71.75,14.4,56.5,7.3,55.75,193,60.25,73,18.3,10.9,40,34,21.9,550,115,97.5,62.5,54.25,140,492,15.9,54,91.25,2.38,92,6.35,7.3,17.8,3.46
2018-04-10,199.5,72,20.1,194.5,36.5,23.7,22,7.4,221,56.75,23.9,8.6,62.25,52,86.75,24.5,81,44.75,36,227,15.8,73.25,14.5,57.5,7.25,55.75,197,64.75,72.75,18.1,11.1,39.75,33.75,22.1,552,115,95.5,62.5,53.25,140.5,496,16,53.5,91.25,2.42,90.75,6.4,7.1,17.9,3.62
2018-04-11,200,71.25,20.5,197.5,36.25,23.6,21.8,7.35,219,56,23.8,8.6,61.5,52,87.25,23.6,80.75,44.5,33,228,15.5,73.25,14.6,57.25,7.25,56,201,68.25,73.75,18.5,11.1,40,34.5,22.1,546,116,96.25,64.75,55.25,141.5,492,16.2,54.25,91,2.46,92,6.35,7.1,17.6,3.64
2018-04-12,201,71,20.4,197,37,23.3,21.9,7.4,218,56.25,23.9,8.6,62,50.75,87,23.9,80.5,45.25,34.25,231,15.4,76,14.4,57,7.35,56.25,200,66.5,73.5,18.4,11.2,39.5,34.25,21.8,550,118,96.75,63.5,55.5,141,488,16.5,54.25,91.25,2.46,93.75,6.3,7.25,17.6,3.76
2018-04-17,204,70,20.2,201,37,23.1,22.8,7.4,216,56.25,23.9,8.55,61.25,50.25,83.25,23.4,79,45,33,225,15.1,73.75,14.1,57,7.25,57.5,199.5,71.5,73.25,18.2,11,39.5,35,21.9,546,122,96,63.5,54.75,136.5,482,15.7,53.75,91.75,2.5,92.5,6.1,7.1,18.1,3.72
2018-04-18,203,70.25,19.3,205,37.25,23.4,22.8,7.5,220,57.5,24,8.65,61.5,50.75,85.5,23.6,78.75,45,34.75,229,15.5,73.75,14.2,57,7.45,58,202,71.5,74.25,18.8,11,39.75,37.25,21.9,550,122.5,97.75,65.25,58,138,486,15.8,54.5,93.25,2.56,94,6.25,7.15,18,3.98
2018-04-19,203,70.25,19.6,201,37.75,23.7,23.1,7.7,214,58.5,24.3,8.65,61.75,50.5,87,23.8,80,47.25,37,234,15.1,76,14.3,56.75,7.5,59.5,197.5,71.75,74.75,18.7,10.9,39.5,37.75,21.9,580,133,102.5,65,59.5,137.5,484,15.9,53.75,94.5,2.52,95.75,6.1,7.25,18.2,3.9
2018-04-20,207,70,19.6,203,36.5,23.3,23.1,7.7,217,59,24.1,8.6,61,49.25,87,23.8,80,48.25,36.75,229,15.1,76,15,57.25,7.45,59.5,197.5,74,74.5,18.3,10.7,39.5,39.75,21.9,588,136.5,103,64.25,59,138.5,486,15.4,54,93,2.54,93,6.35,7.7,17.8,4.06
2018-04-23,204,71,19.5,196,36,23.4,22.8,7.6,217,58.75,24.1,8.65,56.25,48.5,87,23.6,79.75,49.25,35,228,15.7,74.5,15.4,56.75,7.45,61,196.5,77.25,74,18.2,11,40,38.75,21.8,572,134.5,99.5,64,58.75,136,486,15.4,54,93.5,2.42,93,6.5,7.55,18.1,3.96
2018-04-24,208,70.5,19.4,191,36,23.8,22.6,7.55,216,58.25,23.9,8.65,55.25,52,86.5,23.6,81.5,49.5,34.75,226,15.7,74,14.7,56.75,7.25,60,194.5,74.5,74.5,18.4,10.8,40.25,38.5,21.6,58,138,98.5,63.75,57.5,133,478,15.4,53.75,92.75,2.4,92.5,6.45,7.45,18.1,3.88
2018-04-25,207,70.75,19.1,191.5,36.5,23.7,22.7,7.6,220,58.5,23.9,8.65,56.5,50.75,87,24.3,80.25,49.5,33.75,227,15.4,73.75,14.8,57,7,60.5,190,73.25,74.5,18,10.9,40,37.75,21.7,57.5,134,97.5,64,56.5,130.5,474,15.4,53.5,92.75,2.36,90.5,6.45,7.45,18.1,3.88
2018-04-26,206,71,19.1,192.5,36.5,23.5,22.6,7.7,206,58.25,24.4,8.7,54,50.75,87,24.3,81,48,34.75,226,15.3,74.25,14.3,57,7.05,59.5,193.5,72.75,73.75,18,10.9,40,37.5,21.8,56.5,132.5,97,64.75,52.5,131.5,468,15.6,53.5,93,2.36,92.5,6.45,7.5,18,3.9
2018-04-27,209,71.75,19.3,194.5,36.75,23,23.1,7.8,195,58.5,24.8,8.75,53.25,51,87,24.6,81.25,50,36.5,222,15.8,75.5,14.7,57.25,6.95,59.75,195,67.5,74,18.2,10.8,40,37.5,22,56.5,133.5,98,65.5,51.75,133,470,15.6,53.5,88.5,2.36,93,6.5,7.65,18.2,3.88
2018-04-30,208,71.25,19.4,193,36.25,22.5,23.3,7.75,190,59.75,24.7,8.95,54,52.5,87,24.4,80.75,51,36,223,16.3,75.5,15,57.5,7.05,60.25,195.5,68.25,73.75,18.2,11,40.25,36.5,22.3,56.5,134,98,65.75,52,131,468,15.7,53.75,88.75,2.36,94.25,6.7,7.6,18,3.96
2018-05-02,209,71.5,20.6,195,36.5,22.8,23.3,7.75,191.5,60.5,24.9,9.1,54.75,51.5,88,24.6,79.75,52.25,37,229,16.8,75.75,14.9,57.25,7.05,62.5,195.5,70,70.75,18.5,11,40,35,22.7,57,136.5,98,66,52,133.5,468,15.9,52.25,88.5,2.38,93.5,6.7,7.8,18.2,4.02
2018-05-03,207,71.5,20.5,194,36.25,22.9,22.9,7.8,193,61.5,25,9.25,57.75,52.5,88,24.4,78.5,52.25,37,231,16.6,77.25,14.7,56.5,7.05,62.25,191,69.25,70,18.3,11,40,36.5,22.3,57.5,136.5,97.25,66.75,51,130.5,472,16.1,50.75,87.25,2.34,94,6.65,7.75,18.1,4
2018-05-04,206,71,20.1,191,36.25,22.8,22.8,7.75,192,60.75,24.6,9.25,58,50,87.5,23.9,79,50.75,36.5,228,16.5,77.75,14.6,56,6.85,60.5,189,69.5,69.75,18.3,11,40,37.25,22.2,56.75,137.5,96,66.5,51,131,462,16.1,50.5,86.75,2.26,94.25,6.65,7.95,18.3,4
